[{
  "_id": {
    "$oid": "5ffd112817a1c990165846fa"
  },
  "actionId": 1,
  "actionName": "UTENSIL_PICK ",
  "isRackDependent": false,
  "isRoboDependent": true,
  "isBurnerDependent": true,
  "isHoldingStationDependent": true,
  "isServingStationDependent": false,
  "isFryerDependent": false,
  "isLiquidDependent": false,
  "isSectionDependent": false,
  "isUtensilDependent": true,
  "isSpatulaDependent": false,
  "isStirDependent": false,
  "isTossDependent": false,
  "isVegCollectionDependent": false,
  "isSpiceCollectionDependent": false,
  "isMeatCollectionDependent": false,
  "isBowlDependent": false,
  "noOfRegistersToRead": 10,
  "isActive": true
},{
  "_id": {
    "$oid": "5ffd112817a1c990165846fd"
  },
  "actionId": 2,
  "actionName": "SPATULA_PICK",
  "isRackDependent": false,
  "isRoboDependent": true,
  "isBurnerDependent": true,
  "isHoldingStationDependent": true,
  "isServingStationDependent": false,
  "isFryerDependent": false,
  "isLiquidDependent": false,
  "isSectionDependent": false,
  "isUtensilDependent": false,
  "isSpatulaDependent": true,
  "isStirDependent": false,
  "isTossDependent": false,
  "isVegCollectionDependent": false,
  "isSpiceCollectionDependent": false,
  "isMeatCollectionDependent": false,
  "isBowlDependent": false,
  "noOfRegistersToRead": 10,
  "isActive": true
},{
  "_id": {
    "$oid": "5ffd112817a1c99016584700"
  },
  "actionId": 3,
  "actionName": "VEG_COLLECTION",
  "isRackDependent": true,
  "isRoboDependent": false,
  "isBurnerDependent": true,
  "isHoldingStationDependent": false,
  "isServingStationDependent": false,
  "isFryerDependent": false,
  "isLiquidDependent": false,
  "isSectionDependent": true,
  "isUtensilDependent": false,
  "isSpatulaDependent": false,
  "isStirDependent": false,
  "isTossDependent": false,
  "isVegCollectionDependent": false,
  "isSpiceCollectionDependent": false,
  "isMeatCollectionDependent": false,
  "isBowlDependent": true,
  "noOfRegistersToRead": 10,
  "isActive": true
},{
  "_id": {
    "$oid": "5ffd112817a1c99016584703"
  },
  "actionId": 4,
  "actionName": "SPICE_COLLECTION",
  "isRackDependent": true,
  "isRoboDependent": false,
  "isBurnerDependent": true,
  "isHoldingStationDependent": false,
  "isServingStationDependent": false,
  "isFryerDependent": false,
  "isLiquidDependent": false,
  "isSectionDependent": true,
  "isUtensilDependent": false,
  "isSpatulaDependent": false,
  "isStirDependent": false,
  "isTossDependent": false,
  "isVegCollectionDependent": false,
  "isSpiceCollectionDependent": false,
  "isMeatCollectionDependent": false,
  "isBowlDependent": true,
  "noOfRegistersToRead": 10,
  "isActive": true
},{
  "_id": {
    "$oid": "5ffd112817a1c99016584706"
  },
  "actionId": 5,
  "actionName": "MEAT_COLLECTION",
  "isRackDependent": true,
  "isRoboDependent": false,
  "isBurnerDependent": true,
  "isHoldingStationDependent": false,
  "isServingStationDependent": false,
  "isFryerDependent": false,
  "isLiquidDependent": false,
  "isSectionDependent": true,
  "isUtensilDependent": false,
  "isSpatulaDependent": false,
  "isStirDependent": false,
  "isTossDependent": false,
  "isVegCollectionDependent": false,
  "isSpiceCollectionDependent": false,
  "isMeatCollectionDependent": false,
  "isBowlDependent": true,
  "noOfRegistersToRead": 10,
  "isActive": true
},{
  "_id": {
    "$oid": "5ffd112817a1c99016584709"
  },
  "actionId": 6,
  "actionName": "VEG_PICKUP",
  "isRackDependent": true,
  "isRoboDependent": true,
  "isBurnerDependent": true,
  "isHoldingStationDependent": true,
  "isServingStationDependent": false,
  "isFryerDependent": true,
  "isLiquidDependent": false,
  "isSectionDependent": true,
  "isUtensilDependent": true,
  "isSpatulaDependent": false,
  "isStirDependent": false,
  "isTossDependent": false,
  "isVegCollectionDependent": true,
  "isSpiceCollectionDependent": false,
  "isMeatCollectionDependent": false,
  "isBowlDependent": true,
  "noOfRegistersToRead": 10,
  "isActive": true
},{
  "_id": {
    "$oid": "5ffd112817a1c9901658470c"
  },
  "actionId": 7,
  "actionName": "SPICE_PICKUP ",
  "isRackDependent": true,
  "isRoboDependent": true,
  "isBurnerDependent": true,
  "isHoldingStationDependent": true,
  "isServingStationDependent": false,
  "isFryerDependent": false,
  "isLiquidDependent": false,
  "isSectionDependent": true,
  "isUtensilDependent": true,
  "isSpatulaDependent": false,
  "isStirDependent": false,
  "isTossDependent": false,
  "isVegCollectionDependent": false,
  "isSpiceCollectionDependent": true,
  "isMeatCollectionDependent": false,
  "isBowlDependent": true,
  "noOfRegistersToRead": 10,
  "isActive": true
},{
  "_id": {
    "$oid": "5ffd112817a1c9901658470f"
  },
  "actionId": 8,
  "actionName": "MEAT_PICKUP",
  "isRackDependent": true,
  "isRoboDependent": true,
  "isBurnerDependent": true,
  "isHoldingStationDependent": true,
  "isServingStationDependent": false,
  "isFryerDependent": true,
  "isLiquidDependent": false,
  "isSectionDependent": true,
  "isUtensilDependent": true,
  "isSpatulaDependent": false,
  "isStirDependent": false,
  "isTossDependent": false,
  "isVegCollectionDependent": false,
  "isSpiceCollectionDependent": false,
  "isMeatCollectionDependent": true,
  "isBowlDependent": true,
  "noOfRegistersToRead": 10,
  "isActive": true
},{
  "_id": {
    "$oid": "5ffd112817a1c99016584712"
  },
  "actionId": 9,
  "actionName": "IGNITION",
  "isRackDependent": false,
  "isRoboDependent": false,
  "isBurnerDependent": true,
  "isHoldingStationDependent": false,
  "isServingStationDependent": false,
  "isFryerDependent": true,
  "isLiquidDependent": false,
  "isSectionDependent": false,
  "isUtensilDependent": true,
  "isSpatulaDependent": false,
  "isStirDependent": false,
  "isTossDependent": false,
  "isVegCollectionDependent": false,
  "isSpiceCollectionDependent": false,
  "isMeatCollectionDependent": false,
  "isBowlDependent": false,
  "noOfRegistersToRead": 10,
  "isActive": true
},{
  "_id": {
    "$oid": "5ffd112817a1c99016584715"
  },
  "actionId": 10,
  "actionName": "STIRR",
  "isRackDependent": false,
  "isRoboDependent": true,
  "isBurnerDependent": true,
  "isHoldingStationDependent": false,
  "isServingStationDependent": false,
  "isFryerDependent": false,
  "isLiquidDependent": true,
  "isSectionDependent": false,
  "isUtensilDependent": true,
  "isSpatulaDependent": true,
  "isStirDependent": true,
  "isTossDependent": false,
  "isVegCollectionDependent": false,
  "isSpiceCollectionDependent": false,
  "isMeatCollectionDependent": false,
  "isBowlDependent": false,
  "noOfRegistersToRead": 10,
  "isActive": true
},{
  "_id": {
    "$oid": "5ffd112817a1c99016584718"
  },
  "actionId": 11,
  "actionName": "TOSS",
  "isRackDependent": false,
  "isRoboDependent": true,
  "isBurnerDependent": true,
  "isHoldingStationDependent": false,
  "isServingStationDependent": false,
  "isFryerDependent": false,
  "isLiquidDependent": true,
  "isSectionDependent": false,
  "isUtensilDependent": true,
  "isSpatulaDependent": false,
  "isStirDependent": false,
  "isTossDependent": true,
  "isVegCollectionDependent": false,
  "isSpiceCollectionDependent": false,
  "isMeatCollectionDependent": false,
  "isBowlDependent": false,
  "noOfRegistersToRead": 10,
  "isActive": true
},{
  "_id": {
    "$oid": "5ffd112817a1c9901658471b"
  },
  "actionId": 12,
  "actionName": "LIQUID_DISPENSING",
  "isRackDependent": false,
  "isRoboDependent": false,
  "isBurnerDependent": true,
  "isHoldingStationDependent": false,
  "isServingStationDependent": false,
  "isFryerDependent": false,
  "isLiquidDependent": true,
  "isSectionDependent": true,
  "isUtensilDependent": true,
  "isSpatulaDependent": false,
  "isStirDependent": true,
  "isTossDependent": true,
  "isVegCollectionDependent": false,
  "isSpiceCollectionDependent": false,
  "isMeatCollectionDependent": false,
  "isBowlDependent": false,
  "noOfRegistersToRead": 20,
  "isActive": true
},{
  "_id": {
    "$oid": "5ffd112817a1c9901658471e"
  },
  "actionId": 13,
  "actionName": "DELAY",
  "isRackDependent": false,
  "isRoboDependent": true,
  "isBurnerDependent": true,
  "isHoldingStationDependent": false,
  "isServingStationDependent": false,
  "isFryerDependent": true,
  "isLiquidDependent": true,
  "isSectionDependent": false,
  "isUtensilDependent": true,
  "isSpatulaDependent": false,
  "isStirDependent": true,
  "isTossDependent": true,
  "isVegCollectionDependent": true,
  "isSpiceCollectionDependent": false,
  "isMeatCollectionDependent": true,
  "isBowlDependent": false,
  "noOfRegistersToRead": 10,
  "isActive": true
},{
  "_id": {
    "$oid": "5ffd112817a1c99016584721"
  },
  "actionId": 14,
  "actionName": "FRYER_PICKUP",
  "isRackDependent": true,
  "isRoboDependent": true,
  "isBurnerDependent": false,
  "isHoldingStationDependent": true,
  "isServingStationDependent": false,
  "isFryerDependent": true,
  "isLiquidDependent": false,
  "isSectionDependent": true,
  "isUtensilDependent": false,
  "isSpatulaDependent": false,
  "isStirDependent": false,
  "isTossDependent": false,
  "isVegCollectionDependent": false,
  "isSpiceCollectionDependent": false,
  "isMeatCollectionDependent": false,
  "isBowlDependent": true,
  "noOfRegistersToRead": 10,
  "isActive": true
},{
  "_id": {
    "$oid": "5ffd112817a1c99016584724"
  },
  "actionId": 15,
  "actionName": "FRYER_ACTION",
  "isRackDependent": false,
  "isRoboDependent": true,
  "isBurnerDependent": false,
  "isHoldingStationDependent": false,
  "isServingStationDependent": false,
  "isFryerDependent": true,
  "isLiquidDependent": false,
  "isSectionDependent": false,
  "isUtensilDependent": false,
  "isSpatulaDependent": false,
  "isStirDependent": false,
  "isTossDependent": false,
  "isVegCollectionDependent": false,
  "isSpiceCollectionDependent": false,
  "isMeatCollectionDependent": false,
  "isBowlDependent": false,
  "noOfRegistersToRead": 10,
  "isActive": true
},{
  "_id": {
    "$oid": "5ffd112817a1c99016584727"
  },
  "actionId": 16,
  "actionName": "FRYER_SERVE",
  "isRackDependent": false,
  "isRoboDependent": true,
  "isBurnerDependent": true,
  "isHoldingStationDependent": false,
  "isServingStationDependent": true,
  "isFryerDependent": true,
  "isLiquidDependent": false,
  "isSectionDependent": false,
  "isUtensilDependent": true,
  "isSpatulaDependent": false,
  "isStirDependent": false,
  "isTossDependent": false,
  "isVegCollectionDependent": false,
  "isSpiceCollectionDependent": false,
  "isMeatCollectionDependent": false,
  "isBowlDependent": false,
  "noOfRegistersToRead": 10,
  "isActive": true
},{
  "_id": {
    "$oid": "5ffd112817a1c9901658472a"
  },
  "actionId": 17,
  "actionName": "SERVE",
  "isRackDependent": false,
  "isRoboDependent": true,
  "isBurnerDependent": true,
  "isHoldingStationDependent": false,
  "isServingStationDependent": true,
  "isFryerDependent": false,
  "isLiquidDependent": false,
  "isSectionDependent": false,
  "isUtensilDependent": true,
  "isSpatulaDependent": false,
  "isStirDependent": false,
  "isTossDependent": false,
  "isVegCollectionDependent": false,
  "isSpiceCollectionDependent": false,
  "isMeatCollectionDependent": false,
  "isBowlDependent": false,
  "noOfRegistersToRead": 10,
  "isActive": true
}]