[{
  "_id": {
    "$oid": "601317c1de7819f44b411340"
  },
  "recipeDetailsId": 101,
  "recipeId": 1,
  "recipeName": "Veg Fried Rice",
  "actionId": 1,
  "sourceOrType": 1,
  "qty": 0,
  "time": 0,
  "flame": 0,
  "groupId": 1
},{
  "_id": {
    "$oid": "601317c1de7819f44b411343"
  },
  "recipeDetailsId": 102,
  "recipeId": 1,
  "recipeName": "Veg Fried Rice",
  "actionId": 9,
  "sourceOrType": 0,
  "qty": 0,
  "time": 5,
  "flame": 15,
  "groupId": 2
},{
  "_id": {
    "$oid": "601317c1de7819f44b411346"
  },
  "recipeDetailsId": 103,
  "recipeId": 1,
  "recipeName": "Veg Fried Rice",
  "actionId": 3,
  "sourceOrType": 1,
  "qty": 60,
  "time": 0,
  "flame": 0,
  "groupId": 1
},{
  "_id": {
    "$oid": "601317c1de7819f44b411349"
  },
  "recipeDetailsId": 104,
  "recipeId": 1,
  "recipeName": "Veg Fried Rice",
  "actionId": 4,
  "sourceOrType": 18,
  "qty": 30,
  "time": 0,
  "flame": 0,
  "groupId": 1
},{
  "_id": {
    "$oid": "601317c1de7819f44b41134c"
  },
  "recipeDetailsId": 105,
  "recipeId": 1,
  "recipeName": "Veg Fried Rice",
  "actionId": 2,
  "sourceOrType": 1,
  "qty": 0,
  "time": 0,
  "flame": 15,
  "groupId": 2
},{
  "_id": {
    "$oid": "601317c1de7819f44b41134f"
  },
  "recipeDetailsId": 106,
  "recipeId": 1,
  "recipeName": "Veg Fried Rice",
  "actionId": 12,
  "sourceOrType": [
    {
      "ingId": 5,
      "ms": 3000
    }
  ],
  "qty": 0,
  "time": 0,
  "flame": 15,
  "groupId": 2
},{
  "_id": {
    "$oid": "601317c1de7819f44b411352"
  },
  "recipeDetailsId": 107,
  "recipeId": 1,
  "recipeName": "Veg Fried Rice",
  "actionId": 13,
  "sourceOrType": 0,
  "qty": 0,
  "time": 15,
  "flame": 15,
  "groupId": 3
},{
  "_id": {
    "$oid": "601317c1de7819f44b411355"
  },
  "recipeDetailsId": 108,
  "recipeId": 1,
  "recipeName": "Veg Fried Rice",
  "actionId": 3,
  "sourceOrType": 2,
  "qty": 50,
  "time": 0,
  "flame": 15,
  "groupId": 2
},{
  "_id": {
    "$oid": "601317c1de7819f44b411358"
  },
  "recipeDetailsId": 109,
  "recipeId": 1,
  "recipeName": "Veg Fried Rice",
  "actionId": 6,
  "sourceOrType": 1,
  "qty": 0,
  "time": 0,
  "flame": 15,
  "groupId": 4
},{
  "_id": {
    "$oid": "601317c1de7819f44b41135b"
  },
  "recipeDetailsId": 110,
  "recipeId": 1,
  "recipeName": "Veg Fried Rice",
  "actionId": 10,
  "sourceOrType": 1,
  "qty": 0,
  "time": 20,
  "flame": 15,
  "groupId": 5
},{
  "_id": {
    "$oid": "601317c1de7819f44b41135e"
  },
  "recipeDetailsId": 111,
  "recipeId": 1,
  "recipeName": "Veg Fried Rice",
  "actionId": 3,
  "sourceOrType": 3,
  "qty": 500,
  "time": 0,
  "flame": 15,
  "groupId": 5
},{
  "_id": {
    "$oid": "601317c1de7819f44b411361"
  },
  "recipeDetailsId": 112,
  "recipeId": 1,
  "recipeName": "Veg Fried Rice",
  "actionId": 6,
  "sourceOrType": 1,
  "qty": 0,
  "time": 0,
  "flame": 15,
  "groupId": 6
},{
  "_id": {
    "$oid": "601317c1de7819f44b411364"
  },
  "recipeDetailsId": 113,
  "recipeId": 1,
  "recipeName": "Veg Fried Rice",
  "actionId": 7,
  "sourceOrType": 1,
  "qty": 0,
  "time": 0,
  "flame": 15,
  "groupId": 7
},{
  "_id": {
    "$oid": "601317c1de7819f44b411367"
  },
  "recipeDetailsId": 114,
  "recipeId": 1,
  "recipeName": "Veg Fried Rice",
  "actionId": 10,
  "sourceOrType": 1,
  "qty": 0,
  "time": 15,
  "flame": 15,
  "groupId": 8
},{
  "_id": {
    "$oid": "601317c1de7819f44b41136a"
  },
  "recipeDetailsId": 115,
  "recipeId": 1,
  "recipeName": "Veg Fried Rice",
  "actionId": 12,
  "sourceOrType": [
    {
      "ingId": 6,
      "ms": 1000
    }
  ],
  "qty": 0,
  "time": 0,
  "flame": 15,
  "groupId": 10
},{
  "_id": {
    "$oid": "601317c1de7819f44b41136d"
  },
  "recipeDetailsId": 116,
  "recipeId": 1,
  "recipeName": "Veg Fried Rice",
  "actionId": 10,
  "sourceOrType": 1,
  "qty": 0,
  "time": 20,
  "flame": 15,
  "groupId": 11
},{
  "_id": {
    "$oid": "601317c1de7819f44b411370"
  },
  "recipeDetailsId": 117,
  "recipeId": 1,
  "recipeName": "Veg Fried Rice",
  "actionId": 11,
  "sourceOrType": 1,
  "qty": 0,
  "time": 30,
  "flame": 30,
  "groupId": 12
},{
  "_id": {
    "$oid": "601317c1de7819f44b411373"
  },
  "recipeDetailsId": 118,
  "recipeId": 1,
  "recipeName": "Veg Fried Rice",
  "actionId": 10,
  "sourceOrType": 1,
  "qty": 0,
  "time": 20,
  "flame": 15,
  "groupId": 13
},{
  "_id": {
    "$oid": "601317c1de7819f44b411376"
  },
  "recipeDetailsId": 119,
  "recipeId": 1,
  "recipeName": "Veg Fried Rice",
  "actionId": 11,
  "sourceOrType": 1,
  "qty": 0,
  "time": 30,
  "flame": 30,
  "groupId": 14
},{
  "_id": {
    "$oid": "601317c1de7819f44b411379"
  },
  "recipeDetailsId": 120,
  "recipeId": 1,
  "recipeName": "Veg Fried Rice",
  "actionId": 10,
  "sourceOrType": 1,
  "qty": 0,
  "time": 20,
  "flame": 15,
  "groupId": 15
},{
  "_id": {
    "$oid": "601317c1de7819f44b41137c"
  },
  "recipeDetailsId": 121,
  "recipeId": 1,
  "recipeName": "Veg Fried Rice",
  "actionId": 11,
  "sourceOrType": 1,
  "qty": 0,
  "time": 30,
  "flame": 30,
  "groupId": 16
},{
  "_id": {
    "$oid": "601317c1de7819f44b41137f"
  },
  "recipeDetailsId": 122,
  "recipeId": 1,
  "recipeName": "Veg Fried Rice",
  "actionId": 17,
  "sourceOrType": 0,
  "qty": 0,
  "time": 0,
  "flame": 0,
  "groupId": 17
},{
  "_id": {
    "$oid": "601317c1de7819f44b411382"
  },
  "recipeDetailsId": 301,
  "recipeId": 3,
  "recipeName": "Manchurian",
  "actionId": 1,
  "sourceOrType": 1,
  "qty": 0,
  "time": 0,
  "flame": 0,
  "groupId": 1
},{
  "_id": {
    "$oid": "601317c1de7819f44b411385"
  },
  "recipeDetailsId": 302,
  "recipeId": 3,
  "recipeName": "Manchurian",
  "actionId": 2,
  "sourceOrType": 1,
  "qty": 0,
  "time": 0,
  "flame": 10,
  "groupId": 2
},{
  "_id": {
    "$oid": "601317c1de7819f44b411388"
  },
  "recipeDetailsId": 303,
  "recipeId": 3,
  "recipeName": "Manchurian",
  "actionId": 12,
  "sourceOrType": [
    {
      "ingId": 5,
      "ms": 1000
    }
  ],
  "qty": 0,
  "time": 0,
  "flame": 15,
  "groupId": 2
},{
  "_id": {
    "$oid": "601317c1de7819f44b41138b"
  },
  "recipeDetailsId": 304,
  "recipeId": 3,
  "recipeName": "Manchurian",
  "actionId": 9,
  "sourceOrType": 0,
  "qty": 0,
  "time": 5,
  "flame": 15,
  "groupId": 2
},{
  "_id": {
    "$oid": "601317c1de7819f44b41138e"
  },
  "recipeDetailsId": 305,
  "recipeId": 3,
  "recipeName": "Manchurian",
  "actionId": 13,
  "sourceOrType": 0,
  "qty": 0,
  "time": 15,
  "flame": 15,
  "groupId": 3
},{
  "_id": {
    "$oid": "601317c1de7819f44b411391"
  },
  "recipeDetailsId": 306,
  "recipeId": 3,
  "recipeName": "Manchurian",
  "actionId": 4,
  "sourceOrType": 16,
  "qty": 70,
  "time": 0,
  "flame": 0,
  "groupId": 1
},{
  "_id": {
    "$oid": "601317c1de7819f44b411394"
  },
  "recipeDetailsId": 307,
  "recipeId": 3,
  "recipeName": "Manchurian",
  "actionId": 7,
  "sourceOrType": 1,
  "qty": 0,
  "time": 0,
  "flame": 15,
  "groupId": 4
},{
  "_id": {
    "$oid": "601317c1de7819f44b411397"
  },
  "recipeDetailsId": 308,
  "recipeId": 3,
  "recipeName": "Manchurian",
  "actionId": 10,
  "sourceOrType": 5,
  "qty": 0,
  "time": 20,
  "flame": 15,
  "groupId": 5
},{
  "_id": {
    "$oid": "601317c1de7819f44b41139a"
  },
  "recipeDetailsId": 309,
  "recipeId": 3,
  "recipeName": "Manchurian",
  "actionId": 3,
  "sourceOrType": 1,
  "qty": 60,
  "time": 0,
  "flame": 0,
  "groupId": 1
},{
  "_id": {
    "$oid": "601317c1de7819f44b41139d"
  },
  "recipeDetailsId": 310,
  "recipeId": 3,
  "recipeName": "Manchurian",
  "actionId": 6,
  "sourceOrType": 1,
  "qty": 0,
  "time": 0,
  "flame": 15,
  "groupId": 6
},{
  "_id": {
    "$oid": "601317c1de7819f44b4113a0"
  },
  "recipeDetailsId": 311,
  "recipeId": 3,
  "recipeName": "Manchurian",
  "actionId": 10,
  "sourceOrType": 5,
  "qty": 0,
  "time": 15,
  "flame": 15,
  "groupId": 7
},{
  "_id": {
    "$oid": "601317c1de7819f44b4113a3"
  },
  "recipeDetailsId": 312,
  "recipeId": 3,
  "recipeName": "Manchurian",
  "actionId": 4,
  "sourceOrType": 19,
  "qty": 50,
  "time": 0,
  "flame": 15,
  "groupId": 5
},{
  "_id": {
    "$oid": "601317c1de7819f44b4113a6"
  },
  "recipeDetailsId": 313,
  "recipeId": 3,
  "recipeName": "Manchurian",
  "actionId": 7,
  "sourceOrType": 1,
  "qty": 0,
  "time": 0,
  "flame": 15,
  "groupId": 8
},{
  "_id": {
    "$oid": "601317c1de7819f44b4113a9"
  },
  "recipeDetailsId": 314,
  "recipeId": 3,
  "recipeName": "Manchurian",
  "actionId": 10,
  "sourceOrType": 5,
  "qty": 0,
  "time": 15,
  "flame": 15,
  "groupId": 9
},{
  "_id": {
    "$oid": "601317c1de7819f44b4113ac"
  },
  "recipeDetailsId": 315,
  "recipeId": 3,
  "recipeName": "Manchurian",
  "actionId": 12,
  "sourceOrType": [
    {
      "ingId": 8,
      "ms": 3000
    }
  ],
  "qty": 0,
  "time": 0,
  "flame": 15,
  "groupId": 10
},{
  "_id": {
    "$oid": "601317c1de7819f44b4113af"
  },
  "recipeDetailsId": 316,
  "recipeId": 3,
  "recipeName": "Manchurian",
  "actionId": 13,
  "sourceOrType": 0,
  "qty": 0,
  "time": 10,
  "flame": 15,
  "groupId": 11
},{
  "_id": {
    "$oid": "601317c1de7819f44b4113b2"
  },
  "recipeDetailsId": 317,
  "recipeId": 3,
  "recipeName": "Manchurian",
  "actionId": 12,
  "sourceOrType": [
    {
      "ingId": 8,
      "ms": 20000
    },
    {
      "ingId": 6,
      "ms": 1000
    },
    {
      "ingId": 7,
      "ms": 1000
    },
    {
      "ingId": 9,
      "ms": 2000
    },
    {
      "ingId": 10,
      "ms": 1000
    }
  ],
  "qty": 0,
  "time": 0,
  "flame": 15,
  "groupId": 12
},{
  "_id": {
    "$oid": "601317c1de7819f44b4113b5"
  },
  "recipeDetailsId": 318,
  "recipeId": 3,
  "recipeName": "Manchurian",
  "actionId": 10,
  "sourceOrType": 5,
  "qty": 0,
  "time": 15,
  "flame": 15,
  "groupId": 13
},{
  "_id": {
    "$oid": "601317c1de7819f44b4113b8"
  },
  "recipeDetailsId": 319,
  "recipeId": 3,
  "recipeName": "Manchurian",
  "actionId": 5,
  "sourceOrType": 14,
  "qty": 600,
  "time": 0,
  "flame": 0,
  "groupId": 1
},{
  "_id": {
    "$oid": "601317c1de7819f44b4113bb"
  },
  "recipeDetailsId": 320,
  "recipeId": 3,
  "recipeName": "Manchurian",
  "actionId": 8,
  "sourceOrType": 1,
  "qty": 0,
  "time": 0,
  "flame": 15,
  "groupId": 14
},{
  "_id": {
    "$oid": "601317c1de7819f44b4113be"
  },
  "recipeDetailsId": 321,
  "recipeId": 3,
  "recipeName": "Manchurian",
  "actionId": 10,
  "sourceOrType": 5,
  "qty": 0,
  "time": 15,
  "flame": 15,
  "groupId": 15
},{
  "_id": {
    "$oid": "601317c1de7819f44b4113c1"
  },
  "recipeDetailsId": 322,
  "recipeId": 3,
  "recipeName": "Manchurian",
  "actionId": 3,
  "sourceOrType": 1,
  "qty": 150,
  "time": 0,
  "flame": 15,
  "groupId": 7
},{
  "_id": {
    "$oid": "601317c1de7819f44b4113c4"
  },
  "recipeDetailsId": 323,
  "recipeId": 3,
  "recipeName": "Manchurian",
  "actionId": 6,
  "sourceOrType": 1,
  "qty": 0,
  "time": 0,
  "flame": 15,
  "groupId": 16
},{
  "_id": {
    "$oid": "601317c1de7819f44b4113c7"
  },
  "recipeDetailsId": 324,
  "recipeId": 3,
  "recipeName": "Manchurian",
  "actionId": 10,
  "sourceOrType": 5,
  "qty": 0,
  "time": 15,
  "flame": 15,
  "groupId": 17
},{
  "_id": {
    "$oid": "601317c1de7819f44b4113ca"
  },
  "recipeDetailsId": 325,
  "recipeId": 3,
  "recipeName": "Manchurian",
  "actionId": 17,
  "sourceOrType": 0,
  "qty": 0,
  "time": 0,
  "flame": 0,
  "groupId": 18
},{
  "_id": {
    "$oid": "601317c1de7819f44b4113cd"
  },
  "recipeDetailsId": 501,
  "recipeId": 5,
  "recipeName": "French Fries",
  "actionId": 5,
  "sourceOrType": 13,
  "qty": 200,
  "time": 0,
  "flame": 0,
  "groupId": 1
},{
  "_id": {
    "$oid": "601317c1de7819f44b4113d0"
  },
  "recipeDetailsId": 502,
  "recipeId": 5,
  "recipeName": "French Fries",
  "actionId": 14,
  "sourceOrType": {
    "pickLoc": 1,
    "dropLoc": 1,
    "bcWbc": 2
  },
  "qty": 0,
  "time": 0,
  "flame": 0,
  "groupId": 2
},{
  "_id": {
    "$oid": "601317c1de7819f44b4113d3"
  },
  "recipeDetailsId": 503,
  "recipeId": 5,
  "recipeName": "French Fries",
  "actionId": 15,
  "sourceOrType": {
    "poolLoc": 1,
    "delayTime": 1,
    "tossIntr": 20,
    "tossType": 1
  },
  "qty": 0,
  "time": 150,
  "flame": 0,
  "groupId": 3
},{
  "_id": {
    "$oid": "601317c1de7819f44b4113d6"
  },
  "recipeDetailsId": 504,
  "recipeId": 5,
  "recipeName": "French Fries",
  "actionId": 1,
  "sourceOrType": 1,
  "qty": 0,
  "time": 0,
  "flame": 0,
  "groupId": 1
},{
  "_id": {
    "$oid": "601317c1de7819f44b4113d9"
  },
  "recipeDetailsId": 505,
  "recipeId": 5,
  "recipeName": "French Fries",
  "actionId": 16,
  "sourceOrType": {
    "poolLoc": 1,
    "transOrServe": 1
  },
  "qty": 0,
  "time": 0,
  "flame": 0,
  "groupId": 4
},{
  "_id": {
    "$oid": "601317c1de7819f44b4113dc"
  },
  "recipeDetailsId": 506,
  "recipeId": 5,
  "recipeName": "French Fries",
  "actionId": 4,
  "sourceOrType": 18,
  "qty": 70,
  "time": 0,
  "flame": 0,
  "groupId": 1
},{
  "_id": {
    "$oid": "601317c1de7819f44b4113df"
  },
  "recipeDetailsId": 507,
  "recipeId": 5,
  "recipeName": "French Fries",
  "actionId": 7,
  "sourceOrType": 1,
  "qty": 0,
  "time": 0,
  "flame": 0,
  "groupId": 5
},{
  "_id": {
    "$oid": "601317c1de7819f44b4113e2"
  },
  "recipeDetailsId": 508,
  "recipeId": 5,
  "recipeName": "French Fries",
  "actionId": 11,
  "sourceOrType": 1,
  "qty": 0,
  "time": 50,
  "flame": 0,
  "groupId": 6
},{
  "_id": {
    "$oid": "601317c1de7819f44b4113e5"
  },
  "recipeDetailsId": 509,
  "recipeId": 5,
  "recipeName": "French Fries",
  "actionId": 17,
  "sourceOrType": 0,
  "qty": 0,
  "time": 0,
  "flame": 0,
  "groupId": 7
},{
  "_id": {
    "$oid": "601317c1de7819f44b4113e8"
  },
  "recipeDetailsId": 201,
  "recipeId": 2,
  "recipeName": "Chilli Chicken",
  "actionId": 1,
  "sourceOrType": 1,
  "qty": 0,
  "time": 0,
  "flame": 0,
  "groupId": 1
},{
  "_id": {
    "$oid": "601317c1de7819f44b4113eb"
  },
  "recipeDetailsId": 202,
  "recipeId": 2,
  "recipeName": "Chilli Chicken",
  "actionId": 2,
  "sourceOrType": 1,
  "qty": 0,
  "time": 0,
  "flame": 20,
  "groupId": 2
},{
  "_id": {
    "$oid": "601317c1de7819f44b4113ee"
  },
  "recipeDetailsId": 203,
  "recipeId": 2,
  "recipeName": "Chilli Chicken",
  "actionId": 12,
  "sourceOrType": [
    {
      "ingId": 39,
      "ms": 1300
    }
  ],
  "qty": 0,
  "time": 0,
  "flame": 20,
  "groupId": 2
},{
  "_id": {
    "$oid": "601317c1de7819f44b4113f1"
  },
  "recipeDetailsId": 204,
  "recipeId": 2,
  "recipeName": "Chilli Chicken",
  "actionId": 9,
  "sourceOrType": 0,
  "qty": 0,
  "time": 7,
  "flame": 20,
  "groupId": 2
},{
  "_id": {
    "$oid": "601317c1de7819f44b4113f4"
  },
  "recipeDetailsId": 205,
  "recipeId": 2,
  "recipeName": "Chilli Chicken",
  "actionId": 13,
  "sourceOrType": 0,
  "qty": 0,
  "time": 15,
  "flame": 30,
  "groupId": 3
},{
  "_id": {
    "$oid": "601317c1de7819f44b4113f7"
  },
  "recipeDetailsId": 206,
  "recipeId": 2,
  "recipeName": "Chilli Chicken",
  "actionId": 4,
  "sourceOrType": 36,
  "qty": 25,
  "time": 0,
  "flame": 15,
  "groupId": 4
},{
  "_id": {
    "$oid": "601317c1de7819f44b4113fa"
  },
  "recipeDetailsId": 207,
  "recipeId": 2,
  "recipeName": "Chilli Chicken",
  "actionId": 7,
  "sourceOrType": 1,
  "qty": 0,
  "time": 0,
  "flame": 15,
  "groupId": 5
},{
  "_id": {
    "$oid": "601317c1de7819f44b4113fd"
  },
  "recipeDetailsId": 208,
  "recipeId": 2,
  "recipeName": "Chilli Chicken",
  "actionId": 10,
  "sourceOrType": 1,
  "qty": 0,
  "time": 20,
  "flame": 15,
  "groupId": 6
},{
  "_id": {
    "$oid": "601317c1de7819f44b411400"
  },
  "recipeDetailsId": 209,
  "recipeId": 2,
  "recipeName": "Chilli Chicken",
  "actionId": 3,
  "sourceOrType": 1,
  "qty": 15,
  "time": 0,
  "flame": 10,
  "groupId": 7
},{
  "_id": {
    "$oid": "601317c1de7819f44b411403"
  },
  "recipeDetailsId": 210,
  "recipeId": 2,
  "recipeName": "Chilli Chicken",
  "actionId": 3,
  "sourceOrType": 2,
  "qty": 30,
  "time": 0,
  "flame": 10,
  "groupId": 8
},{
  "_id": {
    "$oid": "601317c1de7819f44b411406"
  },
  "recipeDetailsId": 211,
  "recipeId": 2,
  "recipeName": "Chilli Chicken",
  "actionId": 3,
  "sourceOrType": 5,
  "qty": 20,
  "time": 0,
  "flame": 10,
  "groupId": 9
},{
  "_id": {
    "$oid": "601317c1de7819f44b411409"
  },
  "recipeDetailsId": 212,
  "recipeId": 2,
  "recipeName": "Chilli Chicken",
  "actionId": 3,
  "sourceOrType": 6,
  "qty": 20,
  "time": 0,
  "flame": 10,
  "groupId": 10
},{
  "_id": {
    "$oid": "601317c1de7819f44b41140c"
  },
  "recipeDetailsId": 213,
  "recipeId": 2,
  "recipeName": "Chilli Chicken",
  "actionId": 6,
  "sourceOrType": 1,
  "qty": 0,
  "time": 0,
  "flame": 20,
  "groupId": 11
},{
  "_id": {
    "$oid": "601317c1de7819f44b41140f"
  },
  "recipeDetailsId": 214,
  "recipeId": 2,
  "recipeName": "Chilli Chicken",
  "actionId": 10,
  "sourceOrType": 1,
  "qty": 0,
  "time": 20,
  "flame": 15,
  "groupId": 12
},{
  "_id": {
    "$oid": "601317c1de7819f44b411412"
  },
  "recipeDetailsId": 215,
  "recipeId": 2,
  "recipeName": "Chilli Chicken",
  "actionId": 12,
  "sourceOrType": [
    {
      "ingId": 42,
      "ms": 3000
    }
  ],
  "qty": 0,
  "time": 0,
  "flame": 15,
  "groupId": 13
},{
  "_id": {
    "$oid": "601317c1de7819f44b411415"
  },
  "recipeDetailsId": 216,
  "recipeId": 2,
  "recipeName": "Chilli Chicken",
  "actionId": 10,
  "sourceOrType": 2,
  "qty": 0,
  "time": 20,
  "flame": 15,
  "groupId": 14
},{
  "_id": {
    "$oid": "601317c1de7819f44b411418"
  },
  "recipeDetailsId": 217,
  "recipeId": 2,
  "recipeName": "Chilli Chicken",
  "actionId": 13,
  "sourceOrType": 0,
  "qty": 0,
  "time": 17,
  "flame": 15,
  "groupId": 15
},{
  "_id": {
    "$oid": "601317c1de7819f44b41141b"
  },
  "recipeDetailsId": 218,
  "recipeId": 2,
  "recipeName": "Chilli Chicken",
  "actionId": 4,
  "sourceOrType": 23,
  "qty": 5,
  "time": 0,
  "flame": 10,
  "groupId": 16
},{
  "_id": {
    "$oid": "601317c1de7819f44b41141e"
  },
  "recipeDetailsId": 219,
  "recipeId": 2,
  "recipeName": "Chilli Chicken",
  "actionId": 4,
  "sourceOrType": 24,
  "qty": 4,
  "time": 0,
  "flame": 10,
  "groupId": 17
},{
  "_id": {
    "$oid": "601317c1de7819f44b411421"
  },
  "recipeDetailsId": 220,
  "recipeId": 2,
  "recipeName": "Chilli Chicken",
  "actionId": 4,
  "sourceOrType": 25,
  "qty": 3,
  "time": 0,
  "flame": 10,
  "groupId": 18
},{
  "_id": {
    "$oid": "601317c1de7819f44b411424"
  },
  "recipeDetailsId": 221,
  "recipeId": 2,
  "recipeName": "Chilli Chicken",
  "actionId": 4,
  "sourceOrType": 26,
  "qty": 3,
  "time": 0,
  "flame": 10,
  "groupId": 19
},{
  "_id": {
    "$oid": "601317c1de7819f44b411427"
  },
  "recipeDetailsId": 222,
  "recipeId": 2,
  "recipeName": "Chilli Chicken",
  "actionId": 4,
  "sourceOrType": 28,
  "qty": 4,
  "time": 0,
  "flame": 10,
  "groupId": 20
},{
  "_id": {
    "$oid": "601317c1de7819f44b41142a"
  },
  "recipeDetailsId": 223,
  "recipeId": 2,
  "recipeName": "Chilli Chicken",
  "actionId": 7,
  "sourceOrType": 2,
  "qty": 0,
  "time": 0,
  "flame": 20,
  "groupId": 21
},{
  "_id": {
    "$oid": "601317c1de7819f44b41142d"
  },
  "recipeDetailsId": 224,
  "recipeId": 2,
  "recipeName": "Chilli Chicken",
  "actionId": 10,
  "sourceOrType": 2,
  "qty": 1,
  "time": 20,
  "flame": 15,
  "groupId": 22
},{
  "_id": {
    "$oid": "601317c1de7819f44b411430"
  },
  "recipeDetailsId": 225,
  "recipeId": 2,
  "recipeName": "Chilli Chicken",
  "actionId": 12,
  "sourceOrType": [
    {
      "ingId": 41,
      "ms": 300
    },
    {
      "ingId": 40,
      "ms": 150
    },
    {
      "ingId": 44,
      "ms": 1000
    },
    {
      "ingId": 43,
      "ms": 800
    },
    {
      "ingId": 45,
      "ms": 400
    }
  ],
  "qty": 0,
  "time": 0,
  "flame": 15,
  "groupId": 23
},{
  "_id": {
    "$oid": "601317c1de7819f44b411433"
  },
  "recipeDetailsId": 226,
  "recipeId": 2,
  "recipeName": "Chilli Chicken",
  "actionId": 10,
  "sourceOrType": 2,
  "qty": 0,
  "time": 20,
  "flame": 15,
  "groupId": 24
},{
  "_id": {
    "$oid": "601317c1de7819f44b411436"
  },
  "recipeDetailsId": 227,
  "recipeId": 2,
  "recipeName": "Chilli Chicken",
  "actionId": 5,
  "sourceOrType": 20,
  "qty": 220,
  "time": 0,
  "flame": 15,
  "groupId": 25
},{
  "_id": {
    "$oid": "601317c1de7819f44b411439"
  },
  "recipeDetailsId": 228,
  "recipeId": 2,
  "recipeName": "Chilli Chicken",
  "actionId": 8,
  "sourceOrType": 2,
  "qty": 0,
  "time": 0,
  "flame": 15,
  "groupId": 26
},{
  "_id": {
    "$oid": "601317c1de7819f44b41143c"
  },
  "recipeDetailsId": 229,
  "recipeId": 2,
  "recipeName": "Chilli Chicken",
  "actionId": 11,
  "sourceOrType": 1,
  "qty": 0,
  "time": 20,
  "flame": 30,
  "groupId": 27
},{
  "_id": {
    "$oid": "601317c1de7819f44b41143f"
  },
  "recipeDetailsId": 230,
  "recipeId": 2,
  "recipeName": "Chilli Chicken",
  "actionId": 10,
  "sourceOrType": 2,
  "qty": 0,
  "time": 20,
  "flame": 15,
  "groupId": 28
},{
  "_id": {
    "$oid": "601317c1de7819f44b411442"
  },
  "recipeDetailsId": 231,
  "recipeId": 2,
  "recipeName": "Chilli Chicken",
  "actionId": 11,
  "sourceOrType": 1,
  "qty": 0,
  "time": 20,
  "flame": 30,
  "groupId": 29
},{
  "_id": {
    "$oid": "601317c1de7819f44b411445"
  },
  "recipeDetailsId": 232,
  "recipeId": 2,
  "recipeName": "Chilli Chicken",
  "actionId": 17,
  "sourceOrType": 0,
  "qty": 0,
  "time": 0,
  "flame": 0,
  "groupId": 30
},{
  "_id": {
    "$oid": "601317c1de7819f44b411448"
  },
  "recipeDetailsId": 401,
  "recipeId": 4,
  "recipeName": "Chicken Fried Rice",
  "actionId": 1,
  "sourceOrType": 1,
  "qty": 0,
  "time": 0,
  "flame": 0,
  "groupId": 1
},{
  "_id": {
    "$oid": "601317c1de7819f44b41144b"
  },
  "recipeDetailsId": 402,
  "recipeId": 4,
  "recipeName": "Chicken Fried Rice",
  "actionId": 2,
  "sourceOrType": 1,
  "qty": 0,
  "time": 0,
  "flame": 20,
  "groupId": 2
},{
  "_id": {
    "$oid": "601317c1de7819f44b41144e"
  },
  "recipeDetailsId": 403,
  "recipeId": 4,
  "recipeName": "Chicken Fried Rice",
  "actionId": 9,
  "sourceOrType": 0,
  "qty": 0,
  "time": 8,
  "flame": 20,
  "groupId": 2
},{
  "_id": {
    "$oid": "601317c1de7819f44b411451"
  },
  "recipeDetailsId": 404,
  "recipeId": 4,
  "recipeName": "Chicken Fried Rice",
  "actionId": 12,
  "sourceOrType": [
    {
      "ingId": 39,
      "ms": 1300
    }
  ],
  "qty": 0,
  "time": 0,
  "flame": 20,
  "groupId": 2
},{
  "_id": {
    "$oid": "601317c1de7819f44b411454"
  },
  "recipeDetailsId": 405,
  "recipeId": 4,
  "recipeName": "Chicken Fried Rice",
  "actionId": 13,
  "sourceOrType": 0,
  "qty": 0,
  "time": 15,
  "flame": 15,
  "groupId": 3
},{
  "_id": {
    "$oid": "601317c1de7819f44b411457"
  },
  "recipeDetailsId": 406,
  "recipeId": 4,
  "recipeName": "Chicken Fried Rice",
  "actionId": 3,
  "sourceOrType": 3,
  "qty": 20,
  "time": 0,
  "flame": 15,
  "groupId": 4
},{
  "_id": {
    "$oid": "601317c1de7819f44b41145a"
  },
  "recipeDetailsId": 407,
  "recipeId": 4,
  "recipeName": "Chicken Fried Rice",
  "actionId": 3,
  "sourceOrType": 4,
  "qty": 30,
  "time": 0,
  "flame": 15,
  "groupId": 5
},{
  "_id": {
    "$oid": "601317c1de7819f44b41145d"
  },
  "recipeDetailsId": 408,
  "recipeId": 4,
  "recipeName": "Chicken Fried Rice",
  "actionId": 6,
  "sourceOrType": 1,
  "qty": 0,
  "time": 0,
  "flame": 15,
  "groupId": 6
},{
  "_id": {
    "$oid": "601317c1de7819f44b411460"
  },
  "recipeDetailsId": 409,
  "recipeId": 4,
  "recipeName": "Chicken Fried Rice",
  "actionId": 10,
  "sourceOrType": 1,
  "qty": 0,
  "time": 40,
  "flame": 15,
  "groupId": 7
},{
  "_id": {
    "$oid": "601317c1de7819f44b411463"
  },
  "recipeDetailsId": 410,
  "recipeId": 4,
  "recipeName": "Chicken Fried Rice",
  "actionId": 5,
  "sourceOrType": 17,
  "qty": 100,
  "time": 0,
  "flame": 15,
  "groupId": 8
},{
  "_id": {
    "$oid": "601317c1de7819f44b411466"
  },
  "recipeDetailsId": 411,
  "recipeId": 4,
  "recipeName": "Chicken Fried Rice",
  "actionId": 8,
  "sourceOrType": 2,
  "qty": 0,
  "time": 0,
  "flame": 15,
  "groupId": 9
},{
  "_id": {
    "$oid": "601317c1de7819f44b411469"
  },
  "recipeDetailsId": 412,
  "recipeId": 4,
  "recipeName": "Chicken Fried Rice",
  "actionId": 10,
  "sourceOrType": 1,
  "qty": 0,
  "time": 35,
  "flame": 15,
  "groupId": 10
},{
  "_id": {
    "$oid": "601317c1de7819f44b41146c"
  },
  "recipeDetailsId": 413,
  "recipeId": 4,
  "recipeName": "Chicken Fried Rice",
  "actionId": 3,
  "sourceOrType": 7,
  "qty": 250,
  "time": 0,
  "flame": 15,
  "groupId": 11
},{
  "_id": {
    "$oid": "601317c1de7819f44b41146f"
  },
  "recipeDetailsId": 414,
  "recipeId": 4,
  "recipeName": "Chicken Fried Rice",
  "actionId": 6,
  "sourceOrType": 2,
  "qty": 0,
  "time": 0,
  "flame": 15,
  "groupId": 12
},{
  "_id": {
    "$oid": "601317c1de7819f44b411472"
  },
  "recipeDetailsId": 415,
  "recipeId": 4,
  "recipeName": "Chicken Fried Rice",
  "actionId": 10,
  "sourceOrType": 2,
  "qty": 0,
  "time": 25,
  "flame": 15,
  "groupId": 13
},{
  "_id": {
    "$oid": "601317c1de7819f44b411475"
  },
  "recipeDetailsId": 416,
  "recipeId": 4,
  "recipeName": "Chicken Fried Rice",
  "actionId": 4,
  "sourceOrType": 23,
  "qty": 6,
  "time": 0,
  "flame": 5,
  "groupId": 14
},{
  "_id": {
    "$oid": "601317c1de7819f44b411478"
  },
  "recipeDetailsId": 417,
  "recipeId": 4,
  "recipeName": "Chicken Fried Rice",
  "actionId": 4,
  "sourceOrType": 24,
  "qty": 2,
  "time": 0,
  "flame": 5,
  "groupId": 15
},{
  "_id": {
    "$oid": "601317c1de7819f44b41147b"
  },
  "recipeDetailsId": 418,
  "recipeId": 4,
  "recipeName": "Chicken Fried Rice",
  "actionId": 4,
  "sourceOrType": 25,
  "qty": 3,
  "time": 0,
  "flame": 5,
  "groupId": 16
},{
  "_id": {
    "$oid": "601317c1de7819f44b41147e"
  },
  "recipeDetailsId": 419,
  "recipeId": 4,
  "recipeName": "Chicken Fried Rice",
  "actionId": 4,
  "sourceOrType": 26,
  "qty": 9,
  "time": 0,
  "flame": 5,
  "groupId": 17
},{
  "_id": {
    "$oid": "601317c1de7819f44b411481"
  },
  "recipeDetailsId": 420,
  "recipeId": 4,
  "recipeName": "Chicken Fried Rice",
  "actionId": 4,
  "sourceOrType": 30,
  "qty": 2,
  "time": 0,
  "flame": 5,
  "groupId": 18
},{
  "_id": {
    "$oid": "601317c1de7819f44b411484"
  },
  "recipeDetailsId": 421,
  "recipeId": 4,
  "recipeName": "Chicken Fried Rice",
  "actionId": 7,
  "sourceOrType": 2,
  "qty": 0,
  "time": 0,
  "flame": 10,
  "groupId": 19
},{
  "_id": {
    "$oid": "601317c1de7819f44b411487"
  },
  "recipeDetailsId": 422,
  "recipeId": 4,
  "recipeName": "Chicken Fried Rice",
  "actionId": 10,
  "sourceOrType": 2,
  "qty": 0,
  "time": 25,
  "flame": 15,
  "groupId": 20
},{
  "_id": {
    "$oid": "601317c1de7819f44b41148a"
  },
  "recipeDetailsId": 423,
  "recipeId": 4,
  "recipeName": "Chicken Fried Rice",
  "actionId": 11,
  "sourceOrType": 1,
  "qty": 0,
  "time": 20,
  "flame": 25,
  "groupId": 21
},{
  "_id": {
    "$oid": "601317c1de7819f44b41148d"
  },
  "recipeDetailsId": 424,
  "recipeId": 4,
  "recipeName": "Chicken Fried Rice",
  "actionId": 12,
  "sourceOrType": [
    {
      "ingId": 41,
      "ms": 300
    },
    {
      "ingId": 40,
      "ms": 300
    }
  ],
  "qty": 0,
  "time": 0,
  "flame": 15,
  "groupId": 22
},{
  "_id": {
    "$oid": "601317c1de7819f44b411490"
  },
  "recipeDetailsId": 425,
  "recipeId": 4,
  "recipeName": "Chicken Fried Rice",
  "actionId": 10,
  "sourceOrType": 2,
  "qty": 0,
  "time": 30,
  "flame": 15,
  "groupId": 23
},{
  "_id": {
    "$oid": "601317c1de7819f44b411493"
  },
  "recipeDetailsId": 426,
  "recipeId": 4,
  "recipeName": "Chicken Fried Rice",
  "actionId": 11,
  "sourceOrType": 1,
  "qty": 0,
  "time": 30,
  "flame": 40,
  "groupId": 24
},{
  "_id": {
    "$oid": "601317c1de7819f44b411496"
  },
  "recipeDetailsId": 427,
  "recipeId": 4,
  "recipeName": "Chicken Fried Rice",
  "actionId": 17,
  "sourceOrType": 0,
  "qty": 0,
  "time": 0,
  "flame": 0,
  "groupId": 25
},{
  "_id": {
    "$oid": "601317c1de7819f44b411499"
  },
  "recipeDetailsId": 601,
  "recipeId": 6,
  "recipeName": "Chicken Wings",
  "actionId": 1,
  "sourceOrType": 1,
  "qty": 0,
  "time": 0,
  "flame": 0,
  "groupId": 1
},{
  "_id": {
    "$oid": "601317c1de7819f44b41149c"
  },
  "recipeDetailsId": 602,
  "recipeId": 6,
  "recipeName": "Chicken Wings",
  "actionId": 2,
  "sourceOrType": 1,
  "qty": 0,
  "time": 0,
  "flame": 20,
  "groupId": 2
},{
  "_id": {
    "$oid": "601317c1de7819f44b41149f"
  },
  "recipeDetailsId": 603,
  "recipeId": 6,
  "recipeName": "Chicken Wings",
  "actionId": 12,
  "sourceOrType": [
    {
      "ingId": 39,
      "ms": 1300
    }
  ],
  "qty": 0,
  "time": 0,
  "flame": 20,
  "groupId": 2
},{
  "_id": {
    "$oid": "601317c1de7819f44b4114a2"
  },
  "recipeDetailsId": 604,
  "recipeId": 6,
  "recipeName": "Chicken Wings",
  "actionId": 9,
  "sourceOrType": 0,
  "qty": 0,
  "time": 10,
  "flame": 20,
  "groupId": 2
},{
  "_id": {
    "$oid": "601317c1de7819f44b4114a5"
  },
  "recipeDetailsId": 605,
  "recipeId": 6,
  "recipeName": "Chicken Wings",
  "actionId": 13,
  "sourceOrType": 0,
  "qty": 0,
  "time": 15,
  "flame": 20,
  "groupId": 3
},{
  "_id": {
    "$oid": "601317c1de7819f44b4114a8"
  },
  "recipeDetailsId": 606,
  "recipeId": 6,
  "recipeName": "Chicken Wings",
  "actionId": 4,
  "sourceOrType": 36,
  "qty": 25,
  "time": 0,
  "flame": 15,
  "groupId": 4
},{
  "_id": {
    "$oid": "601317c1de7819f44b4114ab"
  },
  "recipeDetailsId": 607,
  "recipeId": 6,
  "recipeName": "Chicken Wings",
  "actionId": 7,
  "sourceOrType": 2,
  "qty": 0,
  "time": 0,
  "flame": 15,
  "groupId": 5
},{
  "_id": {
    "$oid": "601317c1de7819f44b4114ae"
  },
  "recipeDetailsId": 608,
  "recipeId": 6,
  "recipeName": "Chicken Wings",
  "actionId": 10,
  "sourceOrType": 1,
  "qty": 0,
  "time": 20,
  "flame": 15,
  "groupId": 6
},{
  "_id": {
    "$oid": "601317c1de7819f44b4114b1"
  },
  "recipeDetailsId": 609,
  "recipeId": 6,
  "recipeName": "Chicken Wings",
  "actionId": 3,
  "sourceOrType": 1,
  "qty": 15,
  "time": 0,
  "flame": 5,
  "groupId": 7
},{
  "_id": {
    "$oid": "601317c1de7819f44b4114b4"
  },
  "recipeDetailsId": 610,
  "recipeId": 6,
  "recipeName": "Chicken Wings",
  "actionId": 3,
  "sourceOrType": 2,
  "qty": 30,
  "time": 0,
  "flame": 15,
  "groupId": 8
},{
  "_id": {
    "$oid": "601317c1de7819f44b4114b7"
  },
  "recipeDetailsId": 611,
  "recipeId": 6,
  "recipeName": "Chicken Wings",
  "actionId": 6,
  "sourceOrType": 1,
  "qty": 0,
  "time": 0,
  "flame": 15,
  "groupId": 9
},{
  "_id": {
    "$oid": "601317c1de7819f44b4114ba"
  },
  "recipeDetailsId": 612,
  "recipeId": 6,
  "recipeName": "Chicken Wings",
  "actionId": 10,
  "sourceOrType": 1,
  "qty": 0,
  "time": 20,
  "flame": 15,
  "groupId": 10
},{
  "_id": {
    "$oid": "601317c1de7819f44b4114bd"
  },
  "recipeDetailsId": 613,
  "recipeId": 6,
  "recipeName": "Chicken Wings",
  "actionId": 12,
  "sourceOrType": [
    {
      "ingId": 42,
      "ms": 3000
    }
  ],
  "qty": 0,
  "time": 0,
  "flame": 15,
  "groupId": 11
},{
  "_id": {
    "$oid": "601317c1de7819f44b4114c0"
  },
  "recipeDetailsId": 614,
  "recipeId": 6,
  "recipeName": "Chicken Wings",
  "actionId": 13,
  "sourceOrType": 0,
  "qty": 0,
  "time": 17,
  "flame": 15,
  "groupId": 12
},{
  "_id": {
    "$oid": "601317c1de7819f44b4114c3"
  },
  "recipeDetailsId": 615,
  "recipeId": 6,
  "recipeName": "Chicken Wings",
  "actionId": 4,
  "sourceOrType": 26,
  "qty": 3,
  "time": 0,
  "flame": 10,
  "groupId": 13
},{
  "_id": {
    "$oid": "601317c1de7819f44b4114c6"
  },
  "recipeDetailsId": 616,
  "recipeId": 6,
  "recipeName": "Chicken Wings",
  "actionId": 4,
  "sourceOrType": 23,
  "qty": 5,
  "time": 0,
  "flame": 10,
  "groupId": 14
},{
  "_id": {
    "$oid": "601317c1de7819f44b4114c9"
  },
  "recipeDetailsId": 617,
  "recipeId": 6,
  "recipeName": "Chicken Wings",
  "actionId": 4,
  "sourceOrType": 24,
  "qty": 5,
  "time": 0,
  "flame": 10,
  "groupId": 15
},{
  "_id": {
    "$oid": "601317c1de7819f44b4114cc"
  },
  "recipeDetailsId": 618,
  "recipeId": 6,
  "recipeName": "Chicken Wings",
  "actionId": 4,
  "sourceOrType": 25,
  "qty": 3,
  "time": 0,
  "flame": 10,
  "groupId": 16
},{
  "_id": {
    "$oid": "601317c1de7819f44b4114cf"
  },
  "recipeDetailsId": 619,
  "recipeId": 6,
  "recipeName": "Chicken Wings",
  "actionId": 4,
  "sourceOrType": 28,
  "qty": 5,
  "time": 0,
  "flame": 10,
  "groupId": 17
},{
  "_id": {
    "$oid": "601317c1de7819f44b4114d2"
  },
  "recipeDetailsId": 620,
  "recipeId": 6,
  "recipeName": "Chicken Wings",
  "actionId": 7,
  "sourceOrType": 1,
  "qty": 0,
  "time": 0,
  "flame": 15,
  "groupId": 18
},{
  "_id": {
    "$oid": "601317c1de7819f44b4114d5"
  },
  "recipeDetailsId": 621,
  "recipeId": 6,
  "recipeName": "Chicken Wings",
  "actionId": 10,
  "sourceOrType": 1,
  "qty": 1,
  "time": 20,
  "flame": 15,
  "groupId": 19
},{
  "_id": {
    "$oid": "601317c1de7819f44b4114d8"
  },
  "recipeDetailsId": 622,
  "recipeId": 6,
  "recipeName": "Chicken Wings",
  "actionId": 12,
  "sourceOrType": [
    {
      "ingId": 41,
      "ms": 300
    },
    {
      "ingId": 40,
      "ms": 150
    },
    {
      "ingId": 44,
      "ms": 800
    },
    {
      "ingId": 43,
      "ms": 600
    }
  ],
  "qty": 0,
  "time": 0,
  "flame": 15,
  "groupId": 20
},{
  "_id": {
    "$oid": "601317c1de7819f44b4114db"
  },
  "recipeDetailsId": 623,
  "recipeId": 6,
  "recipeName": "Chicken Wings",
  "actionId": 10,
  "sourceOrType": 1,
  "qty": 0,
  "time": 20,
  "flame": 15,
  "groupId": 21
},{
  "_id": {
    "$oid": "601317c1de7819f44b4114de"
  },
  "recipeDetailsId": 624,
  "recipeId": 6,
  "recipeName": "Chicken Wings",
  "actionId": 5,
  "sourceOrType": 18,
  "qty": 300,
  "time": 0,
  "flame": 5,
  "groupId": 22
},{
  "_id": {
    "$oid": "601317c1de7819f44b4114e1"
  },
  "recipeDetailsId": 625,
  "recipeId": 6,
  "recipeName": "Chicken Wings",
  "actionId": 8,
  "sourceOrType": 2,
  "qty": 0,
  "time": 0,
  "flame": 15,
  "groupId": 23
},{
  "_id": {
    "$oid": "601317c1de7819f44b4114e4"
  },
  "recipeDetailsId": 626,
  "recipeId": 6,
  "recipeName": "Chicken Wings",
  "actionId": 11,
  "sourceOrType": 1,
  "qty": 0,
  "time": 20,
  "flame": 30,
  "groupId": 24
},{
  "_id": {
    "$oid": "601317c1de7819f44b4114e7"
  },
  "recipeDetailsId": 627,
  "recipeId": 6,
  "recipeName": "Chicken Wings",
  "actionId": 11,
  "sourceOrType": 1,
  "qty": 0,
  "time": 20,
  "flame": 30,
  "groupId": 25
},{
  "_id": {
    "$oid": "601317c1de7819f44b4114ea"
  },
  "recipeDetailsId": 628,
  "recipeId": 6,
  "recipeName": "Chicken Wings",
  "actionId": 11,
  "sourceOrType": 1,
  "qty": 0,
  "time": 20,
  "flame": 30,
  "groupId": 26
},{
  "_id": {
    "$oid": "601317c1de7819f44b4114ed"
  },
  "recipeDetailsId": 629,
  "recipeId": 6,
  "recipeName": "Chicken Wings",
  "actionId": 17,
  "sourceOrType": 0,
  "qty": 0,
  "time": 0,
  "flame": 0,
  "groupId": 27
},{
  "_id": {
    "$oid": "601317c1de7819f44b4114f0"
  },
  "recipeDetailsId": 701,
  "recipeId": 7,
  "recipeName": "Chicken Gravy",
  "actionId": 1,
  "sourceOrType": 1,
  "qty": 0,
  "time": 0,
  "flame": 0,
  "groupId": 1
},{
  "_id": {
    "$oid": "601317c1de7819f44b4114f3"
  },
  "recipeDetailsId": 702,
  "recipeId": 7,
  "recipeName": "Chicken Gravy",
  "actionId": 2,
  "sourceOrType": 1,
  "qty": 0,
  "time": 0,
  "flame": 20,
  "groupId": 2
},{
  "_id": {
    "$oid": "601317c1de7819f44b4114f6"
  },
  "recipeDetailsId": 703,
  "recipeId": 7,
  "recipeName": "Chicken Gravy",
  "actionId": 12,
  "sourceOrType": [
    {
      "ingId": 39,
      "ms": 1200
    }
  ],
  "qty": 0,
  "time": 0,
  "flame": 20,
  "groupId": 2
},{
  "_id": {
    "$oid": "601317c1de7819f44b4114f9"
  },
  "recipeDetailsId": 704,
  "recipeId": 7,
  "recipeName": "Chicken Gravy",
  "actionId": 9,
  "sourceOrType": 0,
  "qty": 0,
  "time": 10,
  "flame": 20,
  "groupId": 2
},{
  "_id": {
    "$oid": "601317c1de7819f44b4114fc"
  },
  "recipeDetailsId": 705,
  "recipeId": 7,
  "recipeName": "Chicken Gravy",
  "actionId": 13,
  "sourceOrType": 0,
  "qty": 0,
  "time": 15,
  "flame": 15,
  "groupId": 3
},{
  "_id": {
    "$oid": "601317c1de7819f44b4114ff"
  },
  "recipeDetailsId": 706,
  "recipeId": 7,
  "recipeName": "Chicken Gravy",
  "actionId": 4,
  "sourceOrType": 36,
  "qty": 25,
  "time": 0,
  "flame": 15,
  "groupId": 4
},{
  "_id": {
    "$oid": "601317c1de7819f44b411502"
  },
  "recipeDetailsId": 707,
  "recipeId": 7,
  "recipeName": "Chicken Gravy",
  "actionId": 7,
  "sourceOrType": 1,
  "qty": 0,
  "time": 0,
  "flame": 15,
  "groupId": 5
},{
  "_id": {
    "$oid": "601317c1de7819f44b411505"
  },
  "recipeDetailsId": 708,
  "recipeId": 7,
  "recipeName": "Chicken Gravy",
  "actionId": 10,
  "sourceOrType": 1,
  "qty": 0,
  "time": 20,
  "flame": 15,
  "groupId": 6
},{
  "_id": {
    "$oid": "601317c1de7819f44b411508"
  },
  "recipeDetailsId": 709,
  "recipeId": 7,
  "recipeName": "Chicken Gravy",
  "actionId": 3,
  "sourceOrType": 1,
  "qty": 50,
  "time": 0,
  "flame": 10,
  "groupId": 7
},{
  "_id": {
    "$oid": "601317c1de7819f44b41150b"
  },
  "recipeDetailsId": 710,
  "recipeId": 7,
  "recipeName": "Chicken Gravy",
  "actionId": 3,
  "sourceOrType": 2,
  "qty": 20,
  "time": 0,
  "flame": 10,
  "groupId": 8
},{
  "_id": {
    "$oid": "601317c1de7819f44b41150e"
  },
  "recipeDetailsId": 711,
  "recipeId": 7,
  "recipeName": "Chicken Gravy",
  "actionId": 3,
  "sourceOrType": 14,
  "qty": 4,
  "time": 0,
  "flame": 10,
  "groupId": 9
},{
  "_id": {
    "$oid": "601317c1de7819f44b411511"
  },
  "recipeDetailsId": 712,
  "recipeId": 7,
  "recipeName": "Chicken Gravy",
  "actionId": 6,
  "sourceOrType": 1,
  "qty": 0,
  "time": 0,
  "flame": 15,
  "groupId": 10
},{
  "_id": {
    "$oid": "601317c1de7819f44b411514"
  },
  "recipeDetailsId": 713,
  "recipeId": 7,
  "recipeName": "Chicken Gravy",
  "actionId": 10,
  "sourceOrType": 1,
  "qty": 0,
  "time": 40,
  "flame": 15,
  "groupId": 11
},{
  "_id": {
    "$oid": "601317c1de7819f44b411517"
  },
  "recipeDetailsId": 714,
  "recipeId": 7,
  "recipeName": "Chicken Gravy",
  "actionId": 12,
  "sourceOrType": [
    {
      "ingId": 42,
      "ms": 7000
    }
  ],
  "qty": 0,
  "time": 0,
  "flame": 15,
  "groupId": 12
},{
  "_id": {
    "$oid": "601317c1de7819f44b41151a"
  },
  "recipeDetailsId": 715,
  "recipeId": 7,
  "recipeName": "Chicken Gravy",
  "actionId": 10,
  "sourceOrType": 2,
  "qty": 0,
  "time": 20,
  "flame": 15,
  "groupId": 13
},{
  "_id": {
    "$oid": "601317c1de7819f44b41151d"
  },
  "recipeDetailsId": 716,
  "recipeId": 7,
  "recipeName": "Chicken Gravy",
  "actionId": 13,
  "sourceOrType": 0,
  "qty": 0,
  "time": 20,
  "flame": 15,
  "groupId": 14
},{
  "_id": {
    "$oid": "601317c1de7819f44b411520"
  },
  "recipeDetailsId": 717,
  "recipeId": 7,
  "recipeName": "Chicken Gravy",
  "actionId": 4,
  "sourceOrType": 23,
  "qty": 6,
  "time": 0,
  "flame": 10,
  "groupId": 15
},{
  "_id": {
    "$oid": "601317c1de7819f44b411523"
  },
  "recipeDetailsId": 718,
  "recipeId": 7,
  "recipeName": "Chicken Gravy",
  "actionId": 4,
  "sourceOrType": 24,
  "qty": 5,
  "time": 0,
  "flame": 10,
  "groupId": 16
},{
  "_id": {
    "$oid": "601317c1de7819f44b411526"
  },
  "recipeDetailsId": 719,
  "recipeId": 7,
  "recipeName": "Chicken Gravy",
  "actionId": 4,
  "sourceOrType": 25,
  "qty": 3,
  "time": 0,
  "flame": 10,
  "groupId": 17
},{
  "_id": {
    "$oid": "601317c1de7819f44b411529"
  },
  "recipeDetailsId": 720,
  "recipeId": 7,
  "recipeName": "Chicken Gravy",
  "actionId": 4,
  "sourceOrType": 26,
  "qty": 3,
  "time": 0,
  "flame": 10,
  "groupId": 18
},{
  "_id": {
    "$oid": "601317c1de7819f44b41152c"
  },
  "recipeDetailsId": 721,
  "recipeId": 7,
  "recipeName": "Chicken Gravy",
  "actionId": 4,
  "sourceOrType": 28,
  "qty": 5,
  "time": 0,
  "flame": 10,
  "groupId": 19
},{
  "_id": {
    "$oid": "601317c1de7819f44b41152f"
  },
  "recipeDetailsId": 722,
  "recipeId": 7,
  "recipeName": "Chicken Gravy",
  "actionId": 7,
  "sourceOrType": 2,
  "qty": 0,
  "time": 0,
  "flame": 15,
  "groupId": 20
},{
  "_id": {
    "$oid": "601317c1de7819f44b411532"
  },
  "recipeDetailsId": 723,
  "recipeId": 7,
  "recipeName": "Chicken Gravy",
  "actionId": 10,
  "sourceOrType": 2,
  "qty": 1,
  "time": 20,
  "flame": 15,
  "groupId": 21
},{
  "_id": {
    "$oid": "601317c1de7819f44b411535"
  },
  "recipeDetailsId": 724,
  "recipeId": 7,
  "recipeName": "Chicken Gravy",
  "actionId": 12,
  "sourceOrType": [
    {
      "ingId": 41,
      "ms": 300
    },
    {
      "ingId": 40,
      "ms": 150
    },
    {
      "ingId": 43,
      "ms": 600
    },
    {
      "ingId": 45,
      "ms": 800
    }
  ],
  "qty": 0,
  "time": 0,
  "flame": 15,
  "groupId": 22
},{
  "_id": {
    "$oid": "601317c1de7819f44b411538"
  },
  "recipeDetailsId": 725,
  "recipeId": 7,
  "recipeName": "Chicken Gravy",
  "actionId": 10,
  "sourceOrType": 2,
  "qty": 0,
  "time": 20,
  "flame": 15,
  "groupId": 23
},{
  "_id": {
    "$oid": "601317c1de7819f44b41153b"
  },
  "recipeDetailsId": 726,
  "recipeId": 7,
  "recipeName": "Chicken Gravy",
  "actionId": 5,
  "sourceOrType": 20,
  "qty": 200,
  "time": 0,
  "flame": 15,
  "groupId": 24
},{
  "_id": {
    "$oid": "601317c1de7819f44b41153e"
  },
  "recipeDetailsId": 727,
  "recipeId": 7,
  "recipeName": "Chicken Gravy",
  "actionId": 8,
  "sourceOrType": 2,
  "qty": 0,
  "time": 0,
  "flame": 15,
  "groupId": 25
},{
  "_id": {
    "$oid": "601317c1de7819f44b411541"
  },
  "recipeDetailsId": 728,
  "recipeId": 7,
  "recipeName": "Chicken Gravy",
  "actionId": 10,
  "sourceOrType": 2,
  "qty": 0,
  "time": 30,
  "flame": 15,
  "groupId": 26
},{
  "_id": {
    "$oid": "601317c1de7819f44b411544"
  },
  "recipeDetailsId": 729,
  "recipeId": 7,
  "recipeName": "Chicken Gravy",
  "actionId": 3,
  "sourceOrType": 10,
  "qty": 10,
  "time": 0,
  "flame": 15,
  "groupId": 27
},{
  "_id": {
    "$oid": "601317c1de7819f44b411547"
  },
  "recipeDetailsId": 730,
  "recipeId": 7,
  "recipeName": "Chicken Gravy",
  "actionId": 6,
  "sourceOrType": 2,
  "qty": 0,
  "time": 0,
  "flame": 15,
  "groupId": 28
},{
  "_id": {
    "$oid": "601317c1de7819f44b41154a"
  },
  "recipeDetailsId": 731,
  "recipeId": 7,
  "recipeName": "Chicken Gravy",
  "actionId": 13,
  "sourceOrType": 0,
  "qty": 0,
  "time": 30,
  "flame": 15,
  "groupId": 29
},{
  "_id": {
    "$oid": "601317c1de7819f44b41154d"
  },
  "recipeDetailsId": 732,
  "recipeId": 7,
  "recipeName": "Chicken Gravy",
  "actionId": 10,
  "sourceOrType": 2,
  "qty": 0,
  "time": 30,
  "flame": 15,
  "groupId": 30
},{
  "_id": {
    "$oid": "601317c1de7819f44b411550"
  },
  "recipeDetailsId": 733,
  "recipeId": 7,
  "recipeName": "Chicken Gravy",
  "actionId": 17,
  "sourceOrType": 0,
  "qty": 0,
  "time": 0,
  "flame": 0,
  "groupId": 31
},{
  "_id": {
    "$oid": "601317c1de7819f44b411553"
  },
  "recipeDetailsId": 801,
  "recipeId": 8,
  "recipeName": "Dummy Recipe",
  "actionId": 13,
  "sourceOrType": 0,
  "qty": 0,
  "time": 10,
  "flame": 0,
  "groupId": 1
},{
  "_id": {
    "$oid": "601317c1de7819f44b411556"
  },
  "recipeDetailsId": 802,
  "recipeId": 8,
  "recipeName": "Dummy Recipe",
  "actionId": 13,
  "sourceOrType": 0,
  "qty": 0,
  "time": 20,
  "flame": 0,
  "groupId": 2
},{
  "_id": {
    "$oid": "601317c1de7819f44b411559"
  },
  "recipeDetailsId": 803,
  "recipeId": 8,
  "recipeName": "Dummy Recipe",
  "actionId": 13,
  "sourceOrType": 0,
  "qty": 0,
  "time": 60,
  "flame": 0,
  "groupId": 3
},{
  "_id": {
    "$oid": "601317c1de7819f44b41155c"
  },
  "recipeDetailsId": 804,
  "recipeId": 8,
  "recipeName": "Dummy Recipe",
  "actionId": 13,
  "sourceOrType": 0,
  "qty": 0,
  "time": 600,
  "flame": 0,
  "groupId": 4
}]