[
{
"_id": {
"$oid": "5ff7ed298855bf42184a91e6"
},
"orderId": 716859,
"recipeId": 1,
"qty": 0,
"recipeName": "Veg Fried Rice",
"isActive": false,
"status": "In Kitchen",
"waitingTime": 5,
"createdBy": "muralikrishna@adso.com",
"lastUpdatedBy": "muralikrishna@adso.com",
"createdDateTime": {
"$date": "2021-01-08T05:27:05.508Z"
},
"lastUpdatedDateTime": {
"$date": "2021-01-08T05:27:05.508Z"
},
"_class": "com.nala.model.demo.DemoOrders"
},
{
"_id": {
"$oid": "5ff7ed2e8855bf42184a91e7"
},
"orderId": 325410,
"recipeId": 2,
"qty": 0,
"recipeName": "Chilli Chicken",
"isActive": false,
"status": "Packed",
"waitingTime": 5,
"createdBy": "muralikrishna@adso.com",
"lastUpdatedBy": "muralikrishna@adso.com",
"createdDateTime": {
"$date": "2021-01-08T05:27:10.104Z"
},
"lastUpdatedDateTime": {
"$date": "2021-01-08T05:27:10.104Z"
},
"_class": "com.nala.model.demo.DemoOrders"
},
{
"_id": {
"$oid": "5ff7ed328855bf42184a91e8"
},
"orderId": 123578,
"recipeId": 3,
"qty": 0,
"recipeName": "Manchurian",
"isActive": false,
"status": "Order Booked",
"waitingTime": 10,
"createdBy": "muralikrishna@adso.com",
"lastUpdatedBy": "muralikrishna@adso.com",
"createdDateTime": {
"$date": "2021-01-08T05:27:14.256Z"
},
"lastUpdatedDateTime": {
"$date": "2021-01-08T05:27:14.256Z"
},
"_class": "com.nala.model.demo.DemoOrders"
},
{
"_id": {
"$oid": "5ff7ed368855bf42184a91e9"
},
"orderId": 711765,
"recipeId": 4,
"qty": 0,
"recipeName": "Chicken Fried Rice",
"isActive": false,
"status": "Dispatched",
"waitingTime": 10,
"createdBy": "muralikrishna@adso.com",
"lastUpdatedBy": "muralikrishna@adso.com",
"createdDateTime": {
"$date": "2021-01-08T05:27:18.305Z"
},
"lastUpdatedDateTime": {
"$date": "2021-01-08T05:27:18.305Z"
},
"_class": "com.nala.model.demo.DemoOrders"
},
{
"_id": {
"$oid": "5ff7ed3a8855bf42184a91ea"
},
"orderId": 216624,
"recipeId": 5,
"qty": 0,
"recipeName": "French Fries",
"isActive": false,
"status": "Order Booked",
"waitingTime": 10,
"createdBy": "muralikrishna@adso.com",
"lastUpdatedBy": "muralikrishna@adso.com",
"createdDateTime": {
"$date": "2021-01-08T05:27:22.360Z"
},
"lastUpdatedDateTime": {
"$date": "2021-01-08T05:27:22.360Z"
},
"_class": "com.nala.model.demo.DemoOrders"
}
]