[{
  "_id": {
    "$oid": "5fe43f1717a1c99016575565"
  },
  "recipeDetailsId": 1,
  "recipeId": 1,
  "recipeName": "Veg Fried Rice",
  "actionId": 1,
  "sourceOrType": 1,
  "qty": 0,
  "time": 0,
  "flame": 15,
  "groupId": 1
},{
  "_id": {
    "$oid": "5fe43f1717a1c99016575568"
  },
  "recipeDetailsId": 2,
  "recipeId": 1,
  "recipeName": "Veg Fried Rice",
  "actionId": 9,
  "sourceOrType": 0,
  "qty": 0,
  "time": 5,
  "flame": 15,
  "groupId": 2
},{
  "_id": {
    "$oid": "5fe43f1717a1c9901657556b"
  },
  "recipeDetailsId": 3,
  "recipeId": 1,
  "recipeName": "Veg Fried Rice",
  "actionId": 3,
  "sourceOrType": 1,
  "qty": 30,
  "time": 0,
  "flame": 15,
  "groupId": 1
},{
  "_id": {
    "$oid": "5fe43f1717a1c9901657556e"
  },
  "recipeDetailsId": 4,
  "recipeId": 1,
  "recipeName": "Veg Fried Rice",
  "actionId": 4,
  "sourceOrType": 18,
  "qty": 60,
  "time": 0,
  "flame": 15,
  "groupId": 1
},{
  "_id": {
    "$oid": "5fe43f1717a1c99016575571"
  },
  "recipeDetailsId": 5,
  "recipeId": 1,
  "recipeName": "Veg Fried Rice",
  "actionId": 2,
  "sourceOrType": 1,
  "qty": 0,
  "time": 0,
  "flame": 15,
  "groupId": 2
},{
  "_id": {
    "$oid": "5fe43f1717a1c99016575574"
  },
  "recipeDetailsId": 6,
  "recipeId": 1,
  "recipeName": "Veg Fried Rice",
  "actionId": 12,
  "sourceOrType": [
    {
      "ingId": 5,
      "ms": 3000
    }
  ],
  "qty": 0,
  "time": 0,
  "flame": 15,
  "groupId": 2
},{
  "_id": {
    "$oid": "5fe43f1717a1c99016575577"
  },
  "recipeDetailsId": 7,
  "recipeId": 1,
  "recipeName": "Veg Fried Rice",
  "actionId": 13,
  "sourceOrType": 0,
  "qty": 0,
  "time": 15,
  "flame": 15,
  "groupId": 2
},{
  "_id": {
    "$oid": "5fe43f1717a1c9901657557a"
  },
  "recipeDetailsId": 8,
  "recipeId": 1,
  "recipeName": "Veg Fried Rice",
  "actionId": 3,
  "sourceOrType": 2,
  "qty": 50,
  "time": 0,
  "flame": 15,
  "groupId": 2
},{
  "_id": {
    "$oid": "5fe43f1717a1c9901657557d"
  },
  "recipeDetailsId": 9,
  "recipeId": 1,
  "recipeName": "Veg Fried Rice",
  "actionId": 6,
  "sourceOrType": 2,
  "qty": 0,
  "time": 0,
  "flame": 15,
  "groupId": 3
},{
  "_id": {
    "$oid": "5fe43f1717a1c99016575580"
  },
  "recipeDetailsId": 10,
  "recipeId": 1,
  "recipeName": "Veg Fried Rice",
  "actionId": 10,
  "sourceOrType": 2,
  "qty": 0,
  "time": 15,
  "flame": 15,
  "groupId": 4
},{
  "_id": {
    "$oid": "5fe43f1717a1c99016575583"
  },
  "recipeDetailsId": 11,
  "recipeId": 1,
  "recipeName": "Veg Fried Rice",
  "actionId": 3,
  "sourceOrType": 3,
  "qty": 250,
  "time": 0,
  "flame": 15,
  "groupId": 5
},{
  "_id": {
    "$oid": "5fe43f1717a1c99016575586"
  },
  "recipeDetailsId": 12,
  "recipeId": 1,
  "recipeName": "Veg Fried Rice",
  "actionId": 6,
  "sourceOrType": 2,
  "qty": 0,
  "time": 0,
  "flame": 30,
  "groupId": 6
},{
  "_id": {
    "$oid": "5fe43f1717a1c99016575589"
  },
  "recipeDetailsId": 13,
  "recipeId": 1,
  "recipeName": "Veg Fried Rice",
  "actionId": 7,
  "sourceOrType": 2,
  "qty": 0,
  "time": 0,
  "flame": 30,
  "groupId": 7
},{
  "_id": {
    "$oid": "5fe43f1717a1c9901657558c"
  },
  "recipeDetailsId": 14,
  "recipeId": 1,
  "recipeName": "Veg Fried Rice",
  "actionId": 10,
  "sourceOrType": 1,
  "qty": 0,
  "time": 15,
  "flame": 30,
  "groupId": 8
},{
  "_id": {
    "$oid": "5fe43f1717a1c9901657558f"
  },
  "recipeDetailsId": 15,
  "recipeId": 1,
  "recipeName": "Veg Fried Rice",
  "actionId": 12,
  "sourceOrType": [
    {
      "ingId": 7,
      "ms": 1000
    }
  ],
  "qty": 0,
  "time": 0,
  "flame": 30,
  "groupId": 9
},{
  "_id": {
    "$oid": "5fe43f1717a1c99016575592"
  },
  "recipeDetailsId": 16,
  "recipeId": 1,
  "recipeName": "Veg Fried Rice",
  "actionId": 10,
  "sourceOrType": 1,
  "qty": 0,
  "time": 15,
  "flame": 30,
  "groupId": 10
},{
  "_id": {
    "$oid": "5fe43f1717a1c99016575595"
  },
  "recipeDetailsId": 17,
  "recipeId": 1,
  "recipeName": "Veg Fried Rice",
  "actionId": 11,
  "sourceOrType": 1,
  "qty": 0,
  "time": 15,
  "flame": 30,
  "groupId": 11
},{
  "_id": {
    "$oid": "5fe43f1717a1c99016575598"
  },
  "recipeDetailsId": 18,
  "recipeId": 1,
  "recipeName": "Veg Fried Rice",
  "actionId": 10,
  "sourceOrType": 1,
  "qty": 0,
  "time": 15,
  "flame": 30,
  "groupId": 12
},{
  "_id": {
    "$oid": "5fe43f1717a1c9901657559b"
  },
  "recipeDetailsId": 19,
  "recipeId": 1,
  "recipeName": "Veg Fried Rice",
  "actionId": 11,
  "sourceOrType": 1,
  "qty": 0,
  "time": 15,
  "flame": 30,
  "groupId": 13
},{
  "_id": {
    "$oid": "5fe43f1717a1c9901657559e"
  },
  "recipeDetailsId": 20,
  "recipeId": 1,
  "recipeName": "Veg Fried Rice",
  "actionId": 10,
  "sourceOrType": 1,
  "qty": 0,
  "time": 15,
  "flame": 30,
  "groupId": 14
},{
  "_id": {
    "$oid": "5fe43f1717a1c990165755a1"
  },
  "recipeDetailsId": 21,
  "recipeId": 1,
  "recipeName": "Veg Fried Rice",
  "actionId": 11,
  "sourceOrType": 1,
  "qty": 0,
  "time": 15,
  "flame": 30,
  "groupId": 15
},{
  "_id": {
    "$oid": "5fe43f1717a1c990165755a4"
  },
  "recipeDetailsId": 22,
  "recipeId": 1,
  "recipeName": "Veg Fried Rice",
  "actionId": 17,
  "sourceOrType": 0,
  "qty": 0,
  "time": 0,
  "flame": 0,
  "groupId": 16
},{
  "_id": {
    "$oid": "5fe43f1717a1c990165755a7"
  },
  "recipeDetailsId": 23,
  "recipeId": 2,
  "recipeName": "Chilli Chicken",
  "actionId": 1,
  "sourceOrType": 1,
  "qty": 0,
  "time": 0,
  "flame": 0,
  "groupId": 1
},{
  "_id": {
    "$oid": "5fe43f1717a1c990165755aa"
  },
  "recipeDetailsId": 24,
  "recipeId": 2,
  "recipeName": "Chilli Chicken",
  "actionId": 2,
  "sourceOrType": 1,
  "qty": 0,
  "time": 0,
  "flame": 10,
  "groupId": 2
},{
  "_id": {
    "$oid": "5fe43f1717a1c990165755ad"
  },
  "recipeDetailsId": 25,
  "recipeId": 2,
  "recipeName": "Chilli Chicken",
  "actionId": 12,
  "sourceOrType": [
    {
      "ingId": 5,
      "ms": 3000
    }
  ],
  "qty": 0,
  "time": 0,
  "flame": 15,
  "groupId": 2
},{
  "_id": {
    "$oid": "5fe43f1717a1c990165755b0"
  },
  "recipeDetailsId": 26,
  "recipeId": 2,
  "recipeName": "Chilli Chicken",
  "actionId": 9,
  "sourceOrType": 0,
  "qty": 0,
  "time": 5,
  "flame": 35,
  "groupId": 2
},{
  "_id": {
    "$oid": "5fe43f1717a1c990165755b3"
  },
  "recipeDetailsId": 27,
  "recipeId": 2,
  "recipeName": "Chilli Chicken",
  "actionId": 13,
  "sourceOrType": 0,
  "qty": 0,
  "time": 10,
  "flame": 15,
  "groupId": 3
},{
  "_id": {
    "$oid": "5fe43f1717a1c990165755b6"
  },
  "recipeDetailsId": 28,
  "recipeId": 2,
  "recipeName": "Chilli Chicken",
  "actionId": 4,
  "sourceOrType": 16,
  "qty": 50,
  "time": 0,
  "flame": 10,
  "groupId": 1
},{
  "_id": {
    "$oid": "5fe43f1717a1c990165755b9"
  },
  "recipeDetailsId": 29,
  "recipeId": 2,
  "recipeName": "Chilli Chicken",
  "actionId": 7,
  "sourceOrType": 1,
  "qty": 0,
  "time": 0,
  "flame": 10,
  "groupId": 4
},{
  "_id": {
    "$oid": "5fe43f1717a1c990165755bc"
  },
  "recipeDetailsId": 30,
  "recipeId": 2,
  "recipeName": "Chilli Chicken",
  "actionId": 3,
  "sourceOrType": 1,
  "qty": 60,
  "time": 0,
  "flame": 10,
  "groupId": 1
},{
  "_id": {
    "$oid": "5fe43f1717a1c990165755bf"
  },
  "recipeDetailsId": 31,
  "recipeId": 2,
  "recipeName": "Chilli Chicken",
  "actionId": 6,
  "sourceOrType": 1,
  "qty": 0,
  "time": 0,
  "flame": 10,
  "groupId": 5
},{
  "_id": {
    "$oid": "5fe43f1717a1c990165755c2"
  },
  "recipeDetailsId": 32,
  "recipeId": 2,
  "recipeName": "Chilli Chicken",
  "actionId": 10,
  "sourceOrType": 2,
  "qty": 0,
  "time": 15,
  "flame": 10,
  "groupId": 6
},{
  "_id": {
    "$oid": "5fe43f1717a1c990165755c5"
  },
  "recipeDetailsId": 33,
  "recipeId": 2,
  "recipeName": "Chilli Chicken",
  "actionId": 12,
  "sourceOrType": [
    {
      "ingId": 8,
      "ms": 3000
    }
  ],
  "qty": 0,
  "time": 0,
  "flame": 15,
  "groupId": 7
},{
  "_id": {
    "$oid": "5fe43f1717a1c990165755c8"
  },
  "recipeDetailsId": 34,
  "recipeId": 2,
  "recipeName": "Chilli Chicken",
  "actionId": 4,
  "sourceOrType": 21,
  "qty": 50,
  "time": 0,
  "flame": 10,
  "groupId": 5
},{
  "_id": {
    "$oid": "5fe43f1717a1c990165755cb"
  },
  "recipeDetailsId": 35,
  "recipeId": 2,
  "recipeName": "Chilli Chicken",
  "actionId": 7,
  "sourceOrType": 2,
  "qty": 0,
  "time": 0,
  "flame": 10,
  "groupId": 8
},{
  "_id": {
    "$oid": "5fe43f1717a1c990165755ce"
  },
  "recipeDetailsId": 36,
  "recipeId": 2,
  "recipeName": "Chilli Chicken",
  "actionId": 12,
  "sourceOrType": [
    {
      "ingId": 6,
      "ms": 1000
    },
    {
      "ingId": 7,
      "ms": 1000
    },
    {
      "ingId": 9,
      "ms": 2000
    },
    {
      "ingId": 10,
      "ms": 1000
    }
  ],
  "qty": 0,
  "time": 0,
  "flame": 10,
  "groupId": 9
},{
  "_id": {
    "$oid": "5fe43f1717a1c990165755d1"
  },
  "recipeDetailsId": 37,
  "recipeId": 2,
  "recipeName": "Chilli Chicken",
  "actionId": 10,
  "sourceOrType": 2,
  "qty": 0,
  "time": 20,
  "flame": 10,
  "groupId": 10
},{
  "_id": {
    "$oid": "5fe43f1717a1c990165755d4"
  },
  "recipeDetailsId": 38,
  "recipeId": 2,
  "recipeName": "Chilli Chicken",
  "actionId": 5,
  "sourceOrType": 15,
  "qty": 300,
  "time": 0,
  "flame": 10,
  "groupId": 1
},{
  "_id": {
    "$oid": "5fe43f1717a1c990165755d7"
  },
  "recipeDetailsId": 39,
  "recipeId": 2,
  "recipeName": "Chilli Chicken",
  "actionId": 8,
  "sourceOrType": 2,
  "qty": 0,
  "time": 0,
  "flame": 10,
  "groupId": 11
},{
  "_id": {
    "$oid": "5fe43f1717a1c990165755da"
  },
  "recipeDetailsId": 40,
  "recipeId": 2,
  "recipeName": "Chilli Chicken",
  "actionId": 10,
  "sourceOrType": 2,
  "qty": 0,
  "time": 20,
  "flame": 30,
  "groupId": 12
},{
  "_id": {
    "$oid": "5fe43f1717a1c990165755dd"
  },
  "recipeDetailsId": 41,
  "recipeId": 2,
  "recipeName": "Chilli Chicken",
  "actionId": 11,
  "sourceOrType": 2,
  "qty": 0,
  "time": 20,
  "flame": 10,
  "groupId": 13
},{
  "_id": {
    "$oid": "5fe43f1717a1c990165755e0"
  },
  "recipeDetailsId": 42,
  "recipeId": 2,
  "recipeName": "Chilli Chicken",
  "actionId": 13,
  "sourceOrType": 2,
  "qty": 0,
  "time": 20,
  "flame": 10,
  "groupId": 14
},{
  "_id": {
    "$oid": "5fe43f1717a1c990165755e3"
  },
  "recipeDetailsId": 43,
  "recipeId": 2,
  "recipeName": "Chilli Chicken",
  "actionId": 10,
  "sourceOrType": 2,
  "qty": 0,
  "time": 20,
  "flame": 10,
  "groupId": 15
},{
  "_id": {
    "$oid": "5fe43f1717a1c990165755e6"
  },
  "recipeDetailsId": 44,
  "recipeId": 2,
  "recipeName": "Chilli Chicken",
  "actionId": 11,
  "sourceOrType": 2,
  "qty": 0,
  "time": 20,
  "flame": 10,
  "groupId": 16
},{
  "_id": {
    "$oid": "5fe43f1717a1c990165755e9"
  },
  "recipeDetailsId": 45,
  "recipeId": 2,
  "recipeName": "Chilli Chicken",
  "actionId": 17,
  "sourceOrType": 0,
  "qty": 0,
  "time": 0,
  "flame": 0,
  "groupId": 17
},{
  "_id": {
    "$oid": "5fe43f1717a1c990165755ec"
  },
  "recipeDetailsId": 46,
  "recipeId": 3,
  "recipeName": "Manchurian",
  "actionId": 1,
  "sourceOrType": 1,
  "qty": 0,
  "time": 0,
  "flame": 0,
  "groupId": 1
},{
  "_id": {
    "$oid": "5fe43f1717a1c990165755ef"
  },
  "recipeDetailsId": 47,
  "recipeId": 3,
  "recipeName": "Manchurian",
  "actionId": 2,
  "sourceOrType": 1,
  "qty": 0,
  "time": 0,
  "flame": 10,
  "groupId": 2
},{
  "_id": {
    "$oid": "5fe43f1717a1c990165755f2"
  },
  "recipeDetailsId": 48,
  "recipeId": 3,
  "recipeName": "Manchurian",
  "actionId": 12,
  "sourceOrType": [
    {
      "ingId": 5,
      "ms": 1000
    }
  ],
  "qty": 0,
  "time": 0,
  "flame": 15,
  "groupId": 2
},{
  "_id": {
    "$oid": "5fe43f1717a1c990165755f5"
  },
  "recipeDetailsId": 49,
  "recipeId": 3,
  "recipeName": "Manchurian",
  "actionId": 9,
  "sourceOrType": 0,
  "qty": 0,
  "time": 5,
  "flame": 15,
  "groupId": 2
},{
  "_id": {
    "$oid": "5fe43f1717a1c990165755f8"
  },
  "recipeDetailsId": 50,
  "recipeId": 3,
  "recipeName": "Manchurian",
  "actionId": 13,
  "sourceOrType": 0,
  "qty": 0,
  "time": 15,
  "flame": 15,
  "groupId": 3
},{
  "_id": {
    "$oid": "5fe43f1717a1c990165755fb"
  },
  "recipeDetailsId": 51,
  "recipeId": 3,
  "recipeName": "Manchurian",
  "actionId": 4,
  "sourceOrType": 16,
  "qty": 70,
  "time": 0,
  "flame": 15,
  "groupId": 1
},{
  "_id": {
    "$oid": "5fe43f1717a1c990165755fe"
  },
  "recipeDetailsId": 52,
  "recipeId": 3,
  "recipeName": "Manchurian",
  "actionId": 7,
  "sourceOrType": 1,
  "qty": 0,
  "time": 0,
  "flame": 15,
  "groupId": 4
},{
  "_id": {
    "$oid": "5fe43f1717a1c99016575601"
  },
  "recipeDetailsId": 53,
  "recipeId": 3,
  "recipeName": "Manchurian",
  "actionId": 10,
  "sourceOrType": 5,
  "qty": 0,
  "time": 20,
  "flame": 15,
  "groupId": 5
},{
  "_id": {
    "$oid": "5fe43f1717a1c99016575604"
  },
  "recipeDetailsId": 54,
  "recipeId": 3,
  "recipeName": "Manchurian",
  "actionId": 3,
  "sourceOrType": 1,
  "qty": 60,
  "time": 0,
  "flame": 15,
  "groupId": 1
},{
  "_id": {
    "$oid": "5fe43f1717a1c99016575607"
  },
  "recipeDetailsId": 55,
  "recipeId": 3,
  "recipeName": "Manchurian",
  "actionId": 6,
  "sourceOrType": 2,
  "qty": 0,
  "time": 0,
  "flame": 15,
  "groupId": 6
},{
  "_id": {
    "$oid": "5fe43f1717a1c9901657560a"
  },
  "recipeDetailsId": 56,
  "recipeId": 3,
  "recipeName": "Manchurian",
  "actionId": 10,
  "sourceOrType": 5,
  "qty": 0,
  "time": 15,
  "flame": 15,
  "groupId": 7
},{
  "_id": {
    "$oid": "5fe43f1717a1c9901657560d"
  },
  "recipeDetailsId": 57,
  "recipeId": 3,
  "recipeName": "Manchurian",
  "actionId": 4,
  "sourceOrType": 19,
  "qty": 50,
  "time": 0,
  "flame": 15,
  "groupId": 5
},{
  "_id": {
    "$oid": "5fe43f1717a1c99016575610"
  },
  "recipeDetailsId": 58,
  "recipeId": 3,
  "recipeName": "Manchurian",
  "actionId": 7,
  "sourceOrType": 1,
  "qty": 0,
  "time": 0,
  "flame": 15,
  "groupId": 8
},{
  "_id": {
    "$oid": "5fe43f1717a1c99016575613"
  },
  "recipeDetailsId": 59,
  "recipeId": 3,
  "recipeName": "Manchurian",
  "actionId": 10,
  "sourceOrType": 5,
  "qty": 0,
  "time": 15,
  "flame": 15,
  "groupId": 9
},{
  "_id": {
    "$oid": "5fe43f1717a1c99016575616"
  },
  "recipeDetailsId": 60,
  "recipeId": 3,
  "recipeName": "Manchurian",
  "actionId": 12,
  "sourceOrType": [
    {
      "ingId": 8,
      "ms": 3000
    }
  ],
  "qty": 0,
  "time": 0,
  "flame": 15,
  "groupId": 10
},{
  "_id": {
    "$oid": "5fe43f1717a1c99016575619"
  },
  "recipeDetailsId": 61,
  "recipeId": 3,
  "recipeName": "Manchurian",
  "actionId": 13,
  "sourceOrType": 0,
  "qty": 0,
  "time": 10,
  "flame": 15,
  "groupId": 11
},{
  "_id": {
    "$oid": "5fe43f1717a1c9901657561c"
  },
  "recipeDetailsId": 62,
  "recipeId": 3,
  "recipeName": "Manchurian",
  "actionId": 12,
  "sourceOrType": [
    {
      "ingId": 8,
      "ms": 20000
    },
    {
      "ingId": 6,
      "ms": 1000
    },
    {
      "ingId": 7,
      "ms": 1000
    },
    {
      "ingId": 9,
      "ms": 2000
    },
    {
      "ingId": 10,
      "ms": 1000
    }
  ],
  "qty": 0,
  "time": 20000,
  "flame": 15,
  "groupId": 12
},{
  "_id": {
    "$oid": "5fe43f1717a1c9901657561f"
  },
  "recipeDetailsId": 63,
  "recipeId": 3,
  "recipeName": "Manchurian",
  "actionId": 10,
  "sourceOrType": 5,
  "qty": 0,
  "time": 15,
  "flame": 15,
  "groupId": 13
},{
  "_id": {
    "$oid": "5fe43f1717a1c99016575622"
  },
  "recipeDetailsId": 64,
  "recipeId": 3,
  "recipeName": "Manchurian",
  "actionId": 5,
  "sourceOrType": 14,
  "qty": 600,
  "time": 0,
  "flame": 15,
  "groupId": 1
},{
  "_id": {
    "$oid": "5fe43f1717a1c99016575625"
  },
  "recipeDetailsId": 65,
  "recipeId": 3,
  "recipeName": "Manchurian",
  "actionId": 8,
  "sourceOrType": 2,
  "qty": 0,
  "time": 0,
  "flame": 15,
  "groupId": 14
},{
  "_id": {
    "$oid": "5fe43f1717a1c99016575628"
  },
  "recipeDetailsId": 66,
  "recipeId": 3,
  "recipeName": "Manchurian",
  "actionId": 10,
  "sourceOrType": 5,
  "qty": 0,
  "time": 15,
  "flame": 15,
  "groupId": 15
},{
  "_id": {
    "$oid": "5fe43f1717a1c9901657562b"
  },
  "recipeDetailsId": 67,
  "recipeId": 3,
  "recipeName": "Manchurian",
  "actionId": 3,
  "sourceOrType": 1,
  "qty": 150,
  "time": 0,
  "flame": 15,
  "groupId": 7
},{
  "_id": {
    "$oid": "5fe43f1717a1c9901657562e"
  },
  "recipeDetailsId": 68,
  "recipeId": 3,
  "recipeName": "Manchurian",
  "actionId": 6,
  "sourceOrType": 2,
  "qty": 0,
  "time": 0,
  "flame": 15,
  "groupId": 16
},{
  "_id": {
    "$oid": "5fe43f1717a1c99016575631"
  },
  "recipeDetailsId": 69,
  "recipeId": 3,
  "recipeName": "Manchurian",
  "actionId": 10,
  "sourceOrType": 5,
  "qty": 0,
  "time": 15,
  "flame": 15,
  "groupId": 17
},{
  "_id": {
    "$oid": "5fe43f1717a1c99016575634"
  },
  "recipeDetailsId": 70,
  "recipeId": 3,
  "recipeName": "Manchurian",
  "actionId": 17,
  "sourceOrType": 0,
  "qty": 0,
  "time": 0,
  "flame": 0,
  "groupId": 18
},{
  "_id": {
    "$oid": "5fe43f1717a1c99016575637"
  },
  "recipeDetailsId": 71,
  "recipeId": 4,
  "recipeName": "Chicken Fried Rice",
  "actionId": 1,
  "sourceOrType": 1,
  "qty": 0,
  "time": 0,
  "flame": 15,
  "groupId": 1
},{
  "_id": {
    "$oid": "5fe43f1717a1c9901657563a"
  },
  "recipeDetailsId": 72,
  "recipeId": 4,
  "recipeName": "Chicken Fried Rice",
  "actionId": 9,
  "sourceOrType": 0,
  "qty": 0,
  "time": 0,
  "flame": 15,
  "groupId": 2
},{
  "_id": {
    "$oid": "5fe43f1717a1c9901657563d"
  },
  "recipeDetailsId": 73,
  "recipeId": 4,
  "recipeName": "Chicken Fried Rice",
  "actionId": 3,
  "sourceOrType": 1,
  "qty": 30,
  "time": 0,
  "flame": 15,
  "groupId": 1
},{
  "_id": {
    "$oid": "5fe43f1717a1c99016575640"
  },
  "recipeDetailsId": 74,
  "recipeId": 4,
  "recipeName": "Chicken Fried Rice",
  "actionId": 4,
  "sourceOrType": 18,
  "qty": 60,
  "time": 0,
  "flame": 15,
  "groupId": 1
},{
  "_id": {
    "$oid": "5fe43f1717a1c99016575643"
  },
  "recipeDetailsId": 75,
  "recipeId": 4,
  "recipeName": "Chicken Fried Rice",
  "actionId": 2,
  "sourceOrType": 1,
  "qty": 0,
  "time": 0,
  "flame": 15,
  "groupId": 2
},{
  "_id": {
    "$oid": "5fe43f1717a1c99016575646"
  },
  "recipeDetailsId": 76,
  "recipeId": 4,
  "recipeName": "Chicken Fried Rice",
  "actionId": 12,
  "sourceOrType": [
    {
      "ingId": 5,
      "ms": 2000
    }
  ],
  "qty": 0,
  "time": 0,
  "flame": 15,
  "groupId": 2
},{
  "_id": {
    "$oid": "5fe43f1717a1c99016575649"
  },
  "recipeDetailsId": 77,
  "recipeId": 4,
  "recipeName": "Chicken Fried Rice",
  "actionId": 13,
  "sourceOrType": 0,
  "qty": 0,
  "time": 30,
  "flame": 15,
  "groupId": 3
},{
  "_id": {
    "$oid": "5fe43f1717a1c9901657564c"
  },
  "recipeDetailsId": 78,
  "recipeId": 4,
  "recipeName": "Chicken Fried Rice",
  "actionId": 3,
  "sourceOrType": 2,
  "qty": 150,
  "time": 0,
  "flame": 15,
  "groupId": 2
},{
  "_id": {
    "$oid": "5fe43f1717a1c9901657564f"
  },
  "recipeDetailsId": 79,
  "recipeId": 4,
  "recipeName": "Chicken Fried Rice",
  "actionId": 6,
  "sourceOrType": 2,
  "qty": 0,
  "time": 0,
  "flame": 15,
  "groupId": 4
},{
  "_id": {
    "$oid": "5fe43f1717a1c99016575652"
  },
  "recipeDetailsId": 80,
  "recipeId": 4,
  "recipeName": "Chicken Fried Rice",
  "actionId": 10,
  "sourceOrType": 1,
  "qty": 0,
  "time": 3000,
  "flame": 15,
  "groupId": 5
},{
  "_id": {
    "$oid": "5fe43f1717a1c99016575655"
  },
  "recipeDetailsId": 81,
  "recipeId": 4,
  "recipeName": "Chicken Fried Rice",
  "actionId": 5,
  "sourceOrType": 13,
  "qty": 200,
  "time": 0,
  "flame": 15,
  "groupId": 1
},{
  "_id": {
    "$oid": "5fe43f1717a1c99016575658"
  },
  "recipeDetailsId": 82,
  "recipeId": 4,
  "recipeName": "Chicken Fried Rice",
  "actionId": 8,
  "sourceOrType": 2,
  "qty": 0,
  "time": 0,
  "flame": 15,
  "groupId": 6
},{
  "_id": {
    "$oid": "5fe43f1717a1c9901657565b"
  },
  "recipeDetailsId": 83,
  "recipeId": 4,
  "recipeName": "Chicken Fried Rice",
  "actionId": 10,
  "sourceOrType": 1,
  "qty": 0,
  "time": 15,
  "flame": 15,
  "groupId": 7
},{
  "_id": {
    "$oid": "5fe43f1717a1c9901657565e"
  },
  "recipeDetailsId": 84,
  "recipeId": 4,
  "recipeName": "Chicken Fried Rice",
  "actionId": 3,
  "sourceOrType": 3,
  "qty": 250,
  "time": 0,
  "flame": 15,
  "groupId": 5
},{
  "_id": {
    "$oid": "5fe43f1717a1c99016575661"
  },
  "recipeDetailsId": 85,
  "recipeId": 4,
  "recipeName": "Chicken Fried Rice",
  "actionId": 6,
  "sourceOrType": 2,
  "qty": 0,
  "time": 0,
  "flame": 15,
  "groupId": 8
},{
  "_id": {
    "$oid": "5fe43f1717a1c99016575664"
  },
  "recipeDetailsId": 86,
  "recipeId": 4,
  "recipeName": "Chicken Fried Rice",
  "actionId": 7,
  "sourceOrType": 2,
  "qty": 0,
  "time": 0,
  "flame": 15,
  "groupId": 9
},{
  "_id": {
    "$oid": "5fe43f1717a1c99016575667"
  },
  "recipeDetailsId": 87,
  "recipeId": 4,
  "recipeName": "Chicken Fried Rice",
  "actionId": 10,
  "sourceOrType": 1,
  "qty": 0,
  "time": 15,
  "flame": 15,
  "groupId": 10
},{
  "_id": {
    "$oid": "5fe43f1717a1c9901657566a"
  },
  "recipeDetailsId": 88,
  "recipeId": 4,
  "recipeName": "Chicken Fried Rice",
  "actionId": 12,
  "sourceOrType": [
    {
      "ingId": 6,
      "ms": 1000
    },
    {
      "ingId": 7,
      "ms": 1000
    }
  ],
  "qty": 0,
  "time": 0,
  "flame": 15,
  "groupId": 11
},{
  "_id": {
    "$oid": "5fe43f1717a1c9901657566d"
  },
  "recipeDetailsId": 89,
  "recipeId": 4,
  "recipeName": "Chicken Fried Rice",
  "actionId": 10,
  "sourceOrType": 1,
  "qty": 0,
  "time": 15,
  "flame": 30,
  "groupId": 12
},{
  "_id": {
    "$oid": "5fe43f1717a1c99016575670"
  },
  "recipeDetailsId": 90,
  "recipeId": 4,
  "recipeName": "Chicken Fried Rice",
  "actionId": 11,
  "sourceOrType": 1,
  "qty": 0,
  "time": 15,
  "flame": 50,
  "groupId": 13
},{
  "_id": {
    "$oid": "5fe43f1717a1c99016575673"
  },
  "recipeDetailsId": 91,
  "recipeId": 4,
  "recipeName": "Chicken Fried Rice",
  "actionId": 10,
  "sourceOrType": 1,
  "qty": 0,
  "time": 15,
  "flame": 30,
  "groupId": 14
},{
  "_id": {
    "$oid": "5fe43f1717a1c99016575676"
  },
  "recipeDetailsId": 92,
  "recipeId": 4,
  "recipeName": "Chicken Fried Rice",
  "actionId": 11,
  "sourceOrType": 1,
  "qty": 0,
  "time": 15,
  "flame": 50,
  "groupId": 15
},{
  "_id": {
    "$oid": "5fe43f1717a1c99016575679"
  },
  "recipeDetailsId": 93,
  "recipeId": 4,
  "recipeName": "Chicken Fried Rice",
  "actionId": 10,
  "sourceOrType": 1,
  "qty": 0,
  "time": 15,
  "flame": 30,
  "groupId": 16
},{
  "_id": {
    "$oid": "5fe43f1717a1c9901657567c"
  },
  "recipeDetailsId": 94,
  "recipeId": 4,
  "recipeName": "Chicken Fried Rice",
  "actionId": 11,
  "sourceOrType": 1,
  "qty": 0,
  "time": 15,
  "flame": 50,
  "groupId": 17
},{
  "_id": {
    "$oid": "5fe43f1717a1c9901657567f"
  },
  "recipeDetailsId": 95,
  "recipeId": 4,
  "recipeName": "Chicken Fried Rice",
  "actionId": 17,
  "sourceOrType": 0,
  "qty": 0,
  "time": 0,
  "flame": 0,
  "groupId": 18
},{
  "_id": {
    "$oid": "5fe43f1717a1c99016575682"
  },
  "recipeDetailsId": 96,
  "recipeId": 5,
  "recipeName": "French Fries",
  "actionId": 5,
  "sourceOrType": 13,
  "qty": 200,
  "time": 0,
  "flame": 0,
  "groupId": 1
},{
  "_id": {
    "$oid": "5fe43f1717a1c99016575685"
  },
  "recipeDetailsId": 97,
  "recipeId": 5,
  "recipeName": "French Fries",
  "actionId": 14,
  "sourceOrType": {
    "pickLoc": 1,
    "dropLoc": 1,
    "bcWbc": 2
  },
  "qty": 0,
  "time": 0,
  "flame": 0,
  "groupId": 2
},{
  "_id": {
    "$oid": "5fe43f1717a1c99016575688"
  },
  "recipeDetailsId": 98,
  "recipeId": 5,
  "recipeName": "French Fries",
  "actionId": 15,
  "sourceOrType": {
    "poolLoc": 1,
    "delayTime": 1,
    "tossIntr": 0,
    "tossType": 1
  },
  "qty": 0,
  "time": 300,
  "flame": 0,
  "groupId": 3
},{
  "_id": {
    "$oid": "5fe43f1717a1c9901657568b"
  },
  "recipeDetailsId": 99,
  "recipeId": 5,
  "recipeName": "French Fries",
  "actionId": 1,
  "sourceOrType": 1,
  "qty": 0,
  "time": 0,
  "flame": 0,
  "groupId": 4
},{
  "_id": {
    "$oid": "5fe43f1717a1c9901657568e"
  },
  "recipeDetailsId": 100,
  "recipeId": 5,
  "recipeName": "French Fries",
  "actionId": 16,
  "sourceOrType": {
    "poolLoc": 1,
    "transOrServe": 1
  },
  "qty": 0,
  "time": 0,
  "flame": 0,
  "groupId": 5
},{
  "_id": {
    "$oid": "5fe43f1717a1c99016575691"
  },
  "recipeDetailsId": 101,
  "recipeId": 5,
  "recipeName": "French Fries",
  "actionId": 4,
  "sourceOrType": 18,
  "qty": 70,
  "time": 0,
  "flame": 0,
  "groupId": 1
},{
  "_id": {
    "$oid": "5fe43f1717a1c99016575694"
  },
  "recipeDetailsId": 102,
  "recipeId": 5,
  "recipeName": "French Fries",
  "actionId": 7,
  "sourceOrType": 1,
  "qty": 0,
  "time": 0,
  "flame": 0,
  "groupId": 6
},{
  "_id": {
    "$oid": "5fe43f1717a1c99016575697"
  },
  "recipeDetailsId": 103,
  "recipeId": 5,
  "recipeName": "French Fries",
  "actionId": 11,
  "sourceOrType": 1,
  "qty": 0,
  "time": 50,
  "flame": 0,
  "groupId": 7
},{
  "_id": {
    "$oid": "5fe43f1717a1c9901657569a"
  },
  "recipeDetailsId": 104,
  "recipeId": 5,
  "recipeName": "French Fries",
  "actionId": 17,
  "sourceOrType": 0,
  "qty": 0,
  "time": 0,
  "flame": 0,
  "groupId": 8
}]